,Name,TeamAbbreviation,GamesPlayed,Minutes,Points,Assists,Rebounds,Steals,Blocks,Turnovers,Fouls,AST_POINTS_CREATED,AST_ADJ,POTENTIAL_AST,PASSES_MADE,SECONDARY_AST,FT_AST,TsPct,TOV,PF,PTS,TrueShotAttempts,EstimatedPointsPerAttempt,PointsPerAssist,AdjustedAssistPtsCreated,PotentialAssistPtsCreated,MissedAssists,MissedAssistsPerAssist,PotentialAssistsPerPass,FTAssistsPerAssist,2ndAssistsPerAssist,AssistTsPct,AdjustedAssistTsPct,UsagePct,PointsContributed,PossessionEndAttempts,PointsPerPossessionEndAttempt,PointsContributedPerPossessionEndAttempt,PointsOverOpponent,PointsOverOpponentPer100,Touches,PossTime,PossEndsAttemptsPerTouch,PossEndAttemptsPct,TrueStock,TrueStock_PerGame,RecoveredBlocks,RecoveredBlocks_PerGame,ContestedShots,DefendedShots,BlocksPerContest,RecoveredBlocksPerContest,Questions,BlocksPerDefense,RecoveredBlocksPerDefense,TrueStockPerDefense,OREB,DREB,C_DREB,PositiveRebPoss,EstimatedGainedRebPts,PointsContributedWithReb,FullExpectedPointsContribution,GmSc,+-/m,+-/48m,TeamPlusMinus/48,TeamPlusMinus/m,PlayerOff+-
0,DeMar DeRozan,CHI,79,2989,1897,421.0,340,90.0,45.0,135.0,161,13.5,6.6,10.4,39.8,1.1,0.3,0.582,1.709,2.038,1897,1628.595,1.165,0.032,0.212,0.333,-410.6,-0.975,0.261,0.001,0.003,40.481,0.635,0.258,1897.212,1640.704,1.156,1.156,0.272,27.154,64.4,4.73,25.477,16.836,128.0,1.62,23.0,0.291,4.05,12.18,11.111,0.072,0.333,3.695,0.024,0.133,0.6,3.759,0.6,1.2,1.388,1898.599,1.157,2303.053,-0.021,-0.996,-1.439,-0.03,0.443
1,Domantas Sabonis,SAC,82,2928,1593,673.0,1120,74.0,48.0,272.0,250,21.3,8.9,12.7,71.3,0.3,0.4,0.64,3.317,3.049,1593,1245.0,1.28,0.032,0.282,0.402,-660.3,-0.981,0.178,0.001,0.0,52.992,0.701,0.223,1593.282,1261.017,1.263,1.263,0.228,22.79,91.5,2.45,13.782,12.675,112.0,1.366,31.0,0.378,7.84,17.16,6.122,0.048,0.457,2.797,0.022,0.08,3.6,10.073,2.6,6.2,7.834,1601.115,1.27,2166.081,0.024,1.131,1.744,0.036,-0.613
2,Coby White,CHI,79,2881,1509,405.0,358,53.0,18.0,166.0,186,13.0,6.5,9.4,52.1,1.1,0.4,0.568,2.101,2.354,1509,1327.519,1.137,0.032,0.209,0.302,-395.6,-0.977,0.18,0.001,0.003,43.085,0.691,0.228,1509.209,1339.02,1.127,1.127,0.223,22.28,73.3,3.9,18.268,13.74,110.0,1.392,7.0,0.089,6.19,15.33,2.908,0.014,0.404,1.174,0.006,0.091,0.6,3.975,0.8,1.4,1.578,1510.787,1.128,1848.483,-0.012,-0.583,-1.439,-0.03,0.856
3,Mikal Bridges,BKN,82,2854,1606,299.0,372,81.0,30.0,164.0,116,9.4,4.4,6.6,36.6,0.6,0.2,0.558,2.0,1.415,1606,1439.34,1.116,0.031,0.138,0.207,-292.4,-0.978,0.18,0.001,0.002,45.303,0.667,0.244,1606.138,1447.94,1.109,1.109,0.24,24.038,57.7,2.93,25.094,14.923,117.0,1.427,13.0,0.159,4.11,11.59,7.299,0.039,0.355,2.588,0.014,0.123,0.9,3.707,0.8,1.7,1.886,1608.024,1.111,1907.893,-0.065,-3.111,-2.89,-0.06,-0.221
4,Dejounte Murray,ATL,78,2783,1753,502.0,416,111.0,24.0,201.0,138,16.9,7.9,11.7,56.7,0.8,0.7,0.556,2.577,1.769,1753,1576.497,1.112,0.034,0.266,0.394,-490.3,-0.977,0.206,0.001,0.002,42.906,0.675,0.264,1753.266,1590.773,1.102,1.102,0.25,24.968,81.3,4.76,19.567,15.796,131.0,1.679,12.0,0.154,3.59,12.68,6.685,0.043,0.283,1.893,0.012,0.132,0.8,4.538,0.7,1.5,1.653,1754.919,1.103,2220.877,-0.055,-2.656,-2.183,-0.045,-0.473
5,Nikola Jokic,DEN,79,2737,2085,708.0,976,108.0,68.0,237.0,194,22.3,10.7,14.9,74.9,1.0,0.7,0.652,3.0,2.456,2085,1600.07,1.303,0.031,0.337,0.469,-693.1,-0.979,0.199,0.001,0.001,47.517,0.718,0.294,2085.337,1617.97,1.289,1.289,0.338,33.787,101.1,2.83,16.004,16.767,153.0,1.937,40.0,0.506,7.04,19.99,9.659,0.072,0.352,3.402,0.025,0.097,2.8,9.532,3.5,6.3,8.12,2093.457,1.294,2728.292,0.249,11.961,5.256,0.11,6.704
6,Jalen Brunson,NYK,77,2726,2212,519.0,278,70.0,13.0,186.0,144,17.6,8.5,12.0,57.8,1.1,0.7,0.596,2.416,1.87,2212,1856.174,1.192,0.034,0.288,0.407,-507.0,-0.977,0.208,0.001,0.002,43.25,0.708,0.317,2212.288,1870.59,1.183,1.183,0.359,35.903,88.0,5.86,21.257,19.665,154.0,2.0,9.0,0.117,3.65,11.53,3.562,0.032,0.317,1.127,0.01,0.173,0.6,3.052,0.4,1.0,1.183,2213.471,1.183,2641.299,0.188,9.015,4.585,0.096,4.43
7,Josh Hart,NYK,81,2707,761,331.0,675,75.0,23.0,118.0,171,10.7,4.8,7.0,43.3,0.5,0.2,0.523,1.457,2.111,761,728.0,1.045,0.032,0.155,0.226,-324.0,-0.979,0.162,0.001,0.002,47.286,0.686,0.136,761.155,736.457,1.033,1.034,0.127,12.732,55.5,2.51,13.269,7.742,98.0,1.21,14.0,0.173,4.48,13.48,5.134,0.039,0.332,1.706,0.013,0.09,1.6,6.753,1.6,3.2,3.307,764.462,1.038,1080.115,0.128,6.135,4.585,0.096,1.55
8,Anthony Davis,LAL,76,2700,1876,266.0,961,91.0,178.0,159.0,177,8.6,4.4,5.0,50.3,0.7,0.2,0.62,2.092,2.329,1876,1512.903,1.24,0.032,0.142,0.162,-261.0,-0.981,0.099,0.001,0.003,53.2,0.88,0.266,1876.142,1519.995,1.234,1.234,0.287,28.676,73.4,2.26,20.708,15.015,209.0,2.75,114.0,1.5,11.16,18.92,15.95,0.134,0.59,9.408,0.079,0.145,3.1,9.5,3.3,6.4,7.9,1884.042,1.24,2271.232,0.056,2.684,0.598,0.012,2.087
9,Fred VanVleet,HOU,73,2684,1270,589.0,278,101.0,59.0,126.0,183,21.0,9.9,13.9,60.6,0.8,1.1,0.561,1.726,2.507,1270,1132.869,1.121,0.036,0.353,0.496,-575.1,-0.976,0.229,0.002,0.001,42.374,0.712,0.198,1270.353,1148.495,1.106,1.106,0.205,20.49,80.1,4.88,14.338,11.568,159.0,2.178,31.0,0.425,3.86,13.21,15.285,0.11,0.292,4.466,0.032,0.165,0.5,3.356,0.6,1.1,1.217,1271.57,1.107,1815.609,0.068,3.273,1.122,0.023,2.151
10,De'Aaron Fox,SAC,74,2659,1966,418.0,340,150.0,31.0,194.0,193,14.6,6.8,10.8,52.9,0.7,0.4,0.567,2.622,2.608,1966,1733.882,1.134,0.035,0.238,0.377,-407.2,-0.974,0.204,0.001,0.002,38.704,0.63,0.307,1966.238,1747.304,1.125,1.125,0.31,31.044,81.4,4.68,21.466,17.563,188.0,2.541,17.0,0.23,4.14,13.26,7.488,0.055,0.312,2.338,0.017,0.192,0.9,3.689,0.7,1.6,1.8,1968.038,1.126,2417.011,0.088,4.206,1.744,0.036,2.462
11,Pascal Siakam,IND,80,2658,1737,342.0,565,63.0,25.0,141.0,193,11.1,5.3,7.5,37.0,0.7,0.3,0.606,1.762,2.412,1737,1434.0,1.211,0.032,0.172,0.243,-334.5,-0.978,0.203,0.001,0.002,45.6,0.707,0.254,1737.172,1443.262,1.204,1.204,0.269,26.905,58.3,2.68,24.756,14.238,89.0,1.112,18.0,0.225,5.36,13.85,4.664,0.042,0.387,1.805,0.016,0.08,1.7,5.325,0.9,2.6,3.129,1740.301,1.206,2048.714,0.043,2.041,3.049,0.064,-1.008
12,Jayson Tatum,BOS,74,2645,1987,364.0,601,75.0,43.0,188.0,145,13.0,6.2,8.9,49.3,1.0,0.3,0.601,2.541,1.959,1987,1653.305,1.202,0.036,0.221,0.318,-355.1,-0.976,0.181,0.001,0.003,40.899,0.697,0.302,1987.221,1664.746,1.194,1.194,0.331,33.073,75.8,3.83,21.962,17.019,103.0,1.392,24.0,0.324,3.7,10.59,11.622,0.088,0.349,4.06,0.031,0.131,0.9,7.216,1.1,2.0,2.387,1989.609,1.195,2336.065,0.23,11.034,11.341,0.236,-0.308
13,Luka Doncic,DAL,70,2624,2370,686.0,647,99.0,38.0,282.0,149,25.0,12.2,16.9,56.0,1.3,1.0,0.617,4.029,2.129,2370,1919.146,1.235,0.036,0.445,0.616,-669.1,-0.975,0.302,0.001,0.002,40.592,0.722,0.362,2370.445,1940.075,1.222,1.222,0.377,37.709,91.8,5.46,21.134,19.458,127.0,1.814,15.0,0.214,4.76,15.53,7.983,0.045,0.307,2.447,0.014,0.117,0.9,8.4,1.5,2.4,2.932,2373.377,1.223,2961.401,0.122,5.835,2.207,0.046,3.628
14,Nikola Vucevic,CHI,76,2610,1370,254.0,801,50.0,60.0,120.0,190,8.5,3.9,5.5,45.1,0.5,0.2,0.541,1.579,2.5,1370,1266.849,1.081,0.033,0.131,0.184,-248.5,-0.978,0.122,0.001,0.002,46.182,0.709,0.237,1370.131,1273.928,1.075,1.076,0.223,22.349,63.9,1.42,19.936,13.072,86.0,1.132,33.0,0.434,8.21,16.36,7.308,0.053,0.502,3.667,0.027,0.069,2.7,7.776,2.1,4.8,5.162,1375.293,1.08,1633.253,-0.069,-3.31,-1.439,-0.03,-1.871
15,Rudy Gobert,MIN,76,2593,1061,102.0,982,52.0,162.0,118.0,238,3.6,1.6,2.0,33.4,0.2,0.1,0.674,1.553,3.132,1061,787.0,1.348,0.035,0.056,0.071,-100.0,-0.98,0.06,0.001,0.002,51.0,0.8,0.157,1061.056,790.553,1.342,1.342,0.189,18.93,45.9,1.47,17.223,8.119,162.0,2.132,96.0,1.263,10.97,18.95,14.768,0.115,0.579,8.549,0.067,0.112,3.8,9.184,2.2,6.0,8.053,1069.109,1.352,1296.149,0.159,7.608,6.451,0.134,1.157
16,Miles Bridges,CHA,69,2581,1449,231.0,505,65.0,33.0,138.0,118,8.9,4.0,6.3,43.5,0.4,0.3,0.559,2.0,1.71,1449,1296.368,1.118,0.039,0.154,0.243,-224.7,-0.973,0.145,0.001,0.002,36.667,0.635,0.248,1449.154,1304.668,1.111,1.111,0.228,22.801,65.5,2.44,19.919,13.455,95.0,1.377,21.0,0.304,6.84,14.04,4.825,0.044,0.487,2.35,0.022,0.098,1.0,6.29,1.3,2.3,2.555,1451.709,1.113,1689.454,-0.245,-11.772,-10.244,-0.213,-1.528
17,Damian Lillard,MIL,73,2579,1775,508.0,320,72.0,18.0,193.0,134,17.9,8.8,11.9,52.4,1.2,0.6,0.586,2.644,1.836,1775,1514.45,1.172,0.035,0.31,0.419,-496.1,-0.977,0.227,0.001,0.002,42.689,0.739,0.279,1775.31,1528.993,1.161,1.161,0.288,28.82,78.9,5.61,19.379,15.24,91.0,1.247,5.0,0.068,2.68,12.22,6.716,0.026,0.219,1.473,0.006,0.102,0.5,3.89,0.5,1.0,1.161,1776.471,1.162,2203.834,0.151,7.24,2.622,0.055,4.618
18,Giannis Antetokounmpo,MIL,73,2567,2222,476.0,841,87.0,79.0,250.0,210,17.9,7.8,12.9,50.1,0.9,0.4,0.651,3.425,2.877,2222,1707.0,1.302,0.038,0.293,0.485,-463.1,-0.973,0.257,0.001,0.002,36.899,0.605,0.327,2222.293,1723.325,1.289,1.29,0.359,35.868,79.7,3.53,21.623,17.177,141.0,1.932,47.0,0.644,6.47,12.48,12.21,0.1,0.518,6.33,0.052,0.155,2.7,8.836,2.1,4.8,6.19,2228.483,1.293,2687.456,0.131,6.302,2.622,0.055,3.68
19,Michael Porter Jr.,DEN,81,2565,1356,122.0,565,42.0,53.0,92.0,148,3.5,2.0,2.3,25.7,0.4,0.1,0.604,1.136,1.827,1356,1122.828,1.208,0.029,0.057,0.066,-119.7,-0.981,0.089,0.001,0.003,53.043,0.87,0.206,1356.057,1126.264,1.204,1.204,0.232,23.231,41.6,1.99,27.074,11.671,70.0,0.864,27.0,0.333,3.9,9.78,13.59,0.085,0.399,5.419,0.034,0.088,1.3,5.667,1.3,2.6,3.13,1359.188,1.207,1514.408,0.184,8.833,5.256,0.11,3.577
20,Shai Gilgeous-Alexander,OKC,75,2553,2254,465.0,415,150.0,67.0,162.0,184,16.5,7.4,11.9,42.3,0.8,0.4,0.633,2.16,2.453,2254,1780.377,1.266,0.035,0.263,0.422,-453.1,-0.974,0.281,0.001,0.002,39.076,0.622,0.323,2254.263,1794.437,1.256,1.256,0.377,37.705,71.0,5.73,25.274,17.864,201.0,2.68,40.0,0.533,6.01,13.91,11.148,0.089,0.432,4.817,0.038,0.193,0.9,4.667,0.9,1.8,2.261,2256.524,1.258,2765.218,0.24,11.525,7.415,0.154,4.111
21,Grayson Allen,PHX,75,2513,1014,227.0,295,69.0,45.0,95.0,157,7.6,3.8,5.2,36.5,0.6,0.3,0.68,1.267,2.093,1014,745.735,1.36,0.033,0.127,0.174,-221.8,-0.977,0.142,0.001,0.003,43.654,0.731,0.146,1014.127,752.202,1.348,1.348,0.17,16.999,48.8,2.57,15.414,7.638,111.0,1.48,23.0,0.307,5.21,15.36,8.637,0.059,0.339,2.93,0.02,0.096,0.7,3.293,0.6,1.3,1.753,1015.88,1.351,1268.126,0.104,5.004,3.061,0.064,1.943
22,LeBron James,LAL,71,2504,1822,589.0,518,89.0,38.0,245.0,78,20.2,9.7,13.2,50.7,0.9,0.7,0.637,3.451,1.099,1822,1429.785,1.274,0.034,0.333,0.453,-575.8,-0.978,0.26,0.001,0.002,44.621,0.735,0.293,1822.333,1446.435,1.26,1.26,0.303,30.341,76.9,4.07,18.809,14.288,118.0,1.662,17.0,0.239,3.79,10.14,10.026,0.063,0.374,3.748,0.024,0.164,0.9,6.437,1.2,2.1,2.646,1824.978,1.262,2339.35,0.088,4.217,0.598,0.012,3.62
23,Paul George,LAC,74,2502,1671,262.0,388,113.0,37.0,153.0,202,8.6,4.2,5.7,34.8,0.4,0.4,0.609,2.068,2.73,1671,1371.883,1.218,0.033,0.138,0.187,-256.3,-0.978,0.164,0.002,0.002,45.965,0.737,0.269,1671.138,1379.65,1.211,1.211,0.293,29.347,56.8,3.53,24.29,14.205,155.0,2.095,23.0,0.311,5.92,14.19,6.25,0.053,0.417,2.607,0.022,0.148,0.5,4.743,0.9,1.4,1.696,1672.834,1.213,1983.222,0.184,8.844,3.28,0.068,5.564
24,Dennis Schroder,BKN,80,2486,1122,488.0,242,63.0,17.0,153.0,164,15.6,7.6,10.6,57.7,1.0,0.6,0.548,1.912,2.05,1122,1024.216,1.095,0.032,0.243,0.339,-477.4,-0.978,0.184,0.001,0.002,46.038,0.717,0.207,1122.243,1036.728,1.082,1.082,0.191,19.101,75.1,4.75,13.805,10.685,95.0,1.188,7.0,0.088,3.34,11.86,5.09,0.026,0.282,1.433,0.007,0.1,0.5,2.538,0.3,0.8,0.866,1123.109,1.083,1530.608,-0.051,-2.433,-2.89,-0.06,0.457
25,D'Angelo Russell,LAL,76,2484,1369,482.0,236,69.0,36.0,156.0,156,15.9,7.7,9.8,48.1,0.7,0.6,0.587,2.053,2.053,1369,1166.67,1.173,0.033,0.254,0.323,-472.2,-0.98,0.204,0.001,0.001,49.184,0.786,0.229,1369.254,1178.522,1.162,1.162,0.226,22.628,67.1,3.97,17.564,11.642,107.0,1.408,18.0,0.237,2.83,13.25,12.721,0.084,0.214,2.717,0.018,0.106,0.4,2.737,0.3,0.7,0.813,1370.067,1.163,1791.296,0.073,3.517,0.598,0.012,2.919
26,James Harden,LAC,72,2470,1192,614.0,369,77.0,57.0,185.0,127,21.5,10.3,13.5,56.6,0.9,1.0,0.619,2.569,1.764,1192,962.071,1.239,0.035,0.361,0.473,-600.5,-0.978,0.239,0.002,0.001,45.481,0.763,0.206,1192.361,978.141,1.219,1.219,0.208,20.774,75.6,5.39,12.938,10.071,113.0,1.569,29.0,0.403,4.44,13.46,12.838,0.091,0.33,4.235,0.03,0.117,0.5,4.653,0.9,1.4,1.707,1194.067,1.221,1730.901,0.118,5.655,3.28,0.068,2.375
27,Devin Booker,PHX,68,2447,1841,472.0,308,61.0,28.0,178.0,206,17.7,8.4,11.9,46.3,1.2,0.3,0.607,2.618,3.029,1841,1517.017,1.214,0.038,0.315,0.446,-460.1,-0.975,0.257,0.001,0.003,39.664,0.706,0.294,1841.315,1531.534,1.202,1.202,0.319,31.884,73.4,5.04,20.866,15.55,88.0,1.294,13.0,0.191,4.24,12.87,6.604,0.045,0.329,2.176,0.015,0.101,0.9,3.706,0.6,1.5,1.803,1843.118,1.203,2239.949,0.129,6.199,3.061,0.064,3.138
28,Jarrett Allen,CLE,77,2442,1271,210.0,811,53.0,81.0,121.0,147,6.9,3.1,4.4,34.8,0.2,0.2,0.663,1.571,1.909,1271,959.0,1.325,0.033,0.102,0.145,-205.6,-0.979,0.126,0.001,0.001,47.727,0.705,0.195,1271.102,964.971,1.317,1.317,0.228,22.798,50.0,1.62,19.299,9.917,119.0,1.545,51.0,0.662,9.58,16.82,8.455,0.069,0.57,4.816,0.039,0.092,3.2,7.377,2.1,5.3,6.981,1278.083,1.324,1524.648,0.082,3.931,2.415,0.05,1.517
29,Stephen Curry,GSW,74,2421,1956,379.0,330,54.0,28.0,210.0,117,12.4,6.4,8.6,42.7,0.9,0.5,0.615,2.838,1.581,1956,1590.006,1.23,0.033,0.209,0.281,-370.4,-0.977,0.201,0.001,0.002,44.07,0.744,0.308,1956.209,1601.444,1.221,1.222,0.333,33.333,68.4,4.43,23.413,16.065,83.0,1.122,14.0,0.189,4.09,11.09,6.846,0.046,0.369,2.525,0.017,0.101,0.5,3.959,0.5,1.0,1.222,1957.431,1.222,2282.677,0.078,3.747,2.61,0.054,1.137
30,Bam Adebayo,MIA,71,2416,1367,278.0,737,81.0,66.0,162.0,159,10.0,4.5,6.4,42.6,0.4,0.3,0.573,2.282,2.239,1367,1193.0,1.146,0.036,0.162,0.23,-271.6,-0.977,0.15,0.001,0.001,43.438,0.703,0.253,1367.162,1201.682,1.138,1.138,0.255,25.518,63.0,2.96,19.074,12.487,125.0,1.761,38.0,0.535,6.7,13.97,9.851,0.08,0.48,4.724,0.038,0.126,2.2,8.141,2.2,4.4,5.006,1372.168,1.142,1682.029,0.021,0.993,1.756,0.037,-0.763
31,Brook Lopez,MIL,79,2411,990,127.0,409,43.0,189.0,79.0,191,4.1,1.9,2.3,19.6,0.2,0.1,0.61,1.0,2.418,990,812.0,1.219,0.032,0.061,0.074,-124.7,-0.982,0.117,0.001,0.002,55.217,0.826,0.159,990.061,815.3,1.214,1.214,0.173,17.265,31.3,1.5,26.048,8.126,165.0,2.089,119.0,1.506,15.62,22.16,12.1,0.096,0.705,8.529,0.068,0.094,1.5,3.696,1.5,3.0,3.643,993.704,1.219,1249.434,0.116,5.574,2.622,0.055,2.952
32,Kentavious Caldwell-Pope,DEN,76,2402,766,183.0,183,98.0,42.0,75.0,151,6.0,2.9,3.7,26.3,0.3,0.2,0.596,0.987,1.987,766,642.254,1.193,0.033,0.095,0.121,-179.3,-0.98,0.141,0.001,0.002,49.459,0.784,0.129,766.095,646.941,1.184,1.184,0.141,14.091,36.3,2.0,17.822,6.704,137.0,1.803,20.0,0.263,2.36,9.39,17.797,0.112,0.251,4.473,0.028,0.192,0.5,2.0,0.3,0.8,0.947,767.042,1.186,1016.62,0.238,11.43,5.256,0.11,6.174
33,Bogdan Bogdanovic,ATL,79,2401,1333,247.0,272,96.0,26.0,112.0,179,7.9,3.8,5.6,30.5,0.4,0.4,0.568,1.418,2.266,1333,1174.046,1.135,0.032,0.122,0.179,-241.4,-0.977,0.184,0.002,0.002,44.107,0.679,0.224,1333.122,1181.064,1.129,1.129,0.231,23.05,47.6,2.32,24.812,11.728,116.0,1.468,13.0,0.165,6.43,13.68,4.044,0.026,0.47,1.901,0.012,0.107,0.7,2.772,0.6,1.3,1.467,1334.589,1.13,1611.67,0.053,2.539,-2.183,-0.045,4.722
34,Derrick White,BOS,73,2381,1107,377.0,310,74.0,87.0,112.0,152,13.1,6.2,8.3,46.4,0.7,0.3,0.61,1.534,2.082,1107,906.916,1.221,0.035,0.215,0.288,-368.7,-0.978,0.179,0.001,0.002,45.422,0.747,0.187,1107.215,916.75,1.208,1.208,0.204,20.421,62.0,4.17,14.786,9.372,152.0,2.082,51.0,0.699,6.58,13.84,13.222,0.106,0.475,6.286,0.05,0.15,0.7,3.548,0.6,1.3,1.57,1108.786,1.209,1498.98,0.26,12.479,11.341,0.236,1.137
35,Harrison Barnes,SAC,82,2381,1000,99.0,249,54.0,12.0,58.0,98,3.1,1.5,2.6,23.9,0.2,0.1,0.606,0.707,1.195,1000,825.332,1.212,0.031,0.047,0.081,-96.4,-0.974,0.109,0.001,0.002,38.077,0.577,0.157,1000.047,828.639,1.207,1.207,0.173,17.304,35.3,2.01,23.474,8.329,75.0,0.915,9.0,0.11,5.26,11.63,2.281,0.021,0.452,1.032,0.009,0.079,0.9,2.22,0.6,1.5,1.81,1001.857,1.209,1127.064,-0.034,-1.613,1.744,0.036,-3.357
36,Tobias Harris,PHI,70,2368,1204,217.0,453,70.0,46.0,93.0,115,8.2,3.8,5.2,36.2,0.4,0.2,0.577,1.329,1.643,1204,1043.734,1.154,0.038,0.144,0.196,-211.8,-0.976,0.144,0.001,0.002,41.731,0.731,0.208,1204.144,1050.262,1.146,1.147,0.219,21.947,53.8,3.2,19.522,10.748,101.0,1.443,25.0,0.357,4.54,12.55,10.132,0.079,0.362,3.665,0.028,0.115,1.1,5.329,1.0,2.1,2.408,1206.551,1.149,1451.47,0.094,4.5,3.049,0.064,1.451
37,Donte DiVincenzo,NYK,81,2360,1259,216.0,297,107.0,36.0,113.0,166,6.6,3.3,4.1,32.6,0.4,0.2,0.597,1.395,2.049,1259,1053.674,1.195,0.031,0.101,0.125,-211.9,-0.981,0.126,0.001,0.002,52.683,0.805,0.214,1259.101,1059.169,1.189,1.189,0.231,23.05,48.2,2.34,21.974,11.135,146.0,1.802,21.0,0.259,3.26,10.51,11.043,0.08,0.31,3.425,0.025,0.172,0.8,2.889,0.5,1.3,1.545,1260.646,1.19,1534.995,0.069,3.295,4.585,0.096,-1.29
38,Jordan Poole,WAS,78,2346,1356,343.0,212,86.0,25.0,188.0,244,11.2,5.3,7.4,33.2,0.6,0.4,0.528,2.41,3.128,1356,1284.313,1.056,0.033,0.173,0.242,-335.6,-0.978,0.223,0.001,0.002,46.351,0.716,0.262,1356.173,1294.123,1.048,1.048,0.222,22.215,53.7,4.25,24.099,12.65,117.0,1.5,17.0,0.218,3.18,10.71,7.862,0.069,0.297,2.334,0.02,0.14,0.5,2.308,0.1,0.6,0.629,1356.802,1.048,1688.712,-0.234,-11.253,-9.293,-0.194,-1.961
39,Jaylen Brown,BOS,70,2343,1610,249.0,387,83.0,37.0,166.0,185,9.5,4.7,6.8,29.1,0.8,0.3,0.584,2.371,2.643,1610,1379.0,1.168,0.038,0.179,0.259,-242.2,-0.973,0.234,0.001,0.003,36.618,0.691,0.288,1610.179,1388.171,1.16,1.16,0.296,29.563,53.0,4.08,26.192,14.192,113.0,1.614,20.0,0.286,4.16,10.79,8.894,0.069,0.386,3.429,0.026,0.15,1.2,4.329,0.9,2.1,2.436,1612.615,1.162,1882.424,0.176,8.461,11.341,0.236,-2.881
40,Malik Beasley,MIL,79,2337,889,108.0,290,59.0,9.0,54.0,158,3.5,1.8,2.3,20.6,0.3,0.1,0.601,0.684,2.0,889,739.327,1.202,0.032,0.058,0.075,-105.7,-0.979,0.112,0.001,0.003,46.957,0.783,0.145,889.058,742.31,1.198,1.198,0.159,15.867,31.2,1.93,23.792,7.399,73.0,0.924,7.0,0.089,2.89,10.95,3.114,0.031,0.264,0.822,0.008,0.084,0.5,3.152,0.5,1.0,1.198,890.256,1.199,1024.884,0.125,5.977,2.622,0.055,3.355
41,Kawhi Leonard,LAC,68,2330,1613,244.0,416,111.0,59.0,119.0,97,9.4,4.4,6.0,30.7,0.6,0.2,0.627,1.75,1.426,1613,1286.367,1.254,0.039,0.17,0.231,-238.0,-0.975,0.195,0.001,0.002,40.667,0.733,0.266,1613.17,1294.117,1.246,1.247,0.306,30.596,53.7,3.73,24.099,13.325,154.0,2.265,34.0,0.5,5.41,12.18,10.906,0.092,0.444,4.844,0.041,0.186,1.2,4.882,1.1,2.3,2.867,1616.037,1.249,1927.516,0.168,8.076,3.28,0.068,4.795
42,Aaron Gordon,DEN,73,2297,1013,259.0,471,56.0,45.0,105.0,142,9.2,4.1,5.7,28.3,0.3,0.3,0.61,1.438,1.945,1013,831.0,1.219,0.036,0.146,0.202,-253.3,-0.978,0.201,0.001,0.001,45.439,0.719,0.178,1013.146,838.138,1.209,1.209,0.195,19.473,42.3,3.16,19.814,8.685,94.0,1.288,31.0,0.425,4.74,12.03,9.494,0.09,0.394,3.741,0.035,0.107,2.4,4.068,1.1,3.5,4.231,1017.376,1.214,1277.295,0.184,8.839,5.256,0.11,3.583
43,Kyle Kuzma,WAS,70,2281,1553,296.0,464,37.0,49.0,192.0,153,10.4,5.0,6.7,33.6,0.6,0.2,0.548,2.743,2.186,1553,1416.649,1.096,0.035,0.176,0.235,-289.3,-0.977,0.199,0.001,0.002,44.179,0.746,0.3,1553.176,1426.092,1.089,1.089,0.261,26.092,57.9,3.32,24.63,13.94,72.0,1.029,25.0,0.357,5.3,12.36,9.245,0.067,0.429,3.964,0.029,0.083,0.9,5.743,1.3,2.2,2.396,1555.572,1.091,1820.271,-0.246,-11.784,-9.293,-0.194,-2.492
44,Jrue Holiday,BOS,69,2263,860,333.0,373,61.0,53.0,124.0,108,13.0,6.0,8.0,40.2,0.7,0.5,0.596,1.797,1.565,860,721.839,1.191,0.039,0.234,0.312,-325.0,-0.976,0.199,0.002,0.002,41.625,0.75,0.165,860.234,731.636,1.175,1.176,0.166,16.586,53.8,3.6,13.599,7.48,109.0,1.58,27.0,0.391,5.06,14.57,10.474,0.077,0.347,3.638,0.027,0.108,1.3,4.188,0.8,2.1,2.469,862.703,1.179,1185.803,0.189,9.057,11.341,0.236,-2.284
45,Luguentz Dort,OKC,79,2246,860,113.0,284,71.0,47.0,74.0,228,3.6,1.6,2.5,16.9,0.1,0.1,0.592,0.937,2.886,860,726.69,1.183,0.032,0.051,0.08,-110.5,-0.978,0.148,0.001,0.001,45.2,0.64,0.155,860.051,730.127,1.178,1.178,0.16,16.042,27.5,2.33,26.55,7.268,155.0,1.962,28.0,0.354,4.24,11.49,11.085,0.084,0.369,4.091,0.031,0.171,1.0,2.658,0.7,1.7,2.003,862.053,1.181,1037.906,0.154,7.416,7.415,0.154,0.001
46,Max Strus,CLE,70,2239,853,283.0,338,64.0,29.0,112.0,170,10.0,5.1,6.3,41.3,0.6,0.5,0.555,1.6,2.429,853,767.9,1.111,0.035,0.18,0.223,-276.7,-0.978,0.153,0.002,0.002,44.921,0.81,0.17,853.18,775.8,1.1,1.1,0.167,16.706,55.1,1.92,14.08,7.973,98.0,1.4,15.0,0.214,4.87,14.23,5.955,0.044,0.342,2.038,0.015,0.098,1.0,3.886,0.6,1.6,1.76,854.94,1.102,1129.037,0.113,5.445,2.415,0.05,3.031
47,Dillon Brooks,HOU,72,2227,915,119.0,246,64.0,10.0,88.0,241,4.2,2.2,3.2,20.1,0.3,0.2,0.547,1.222,3.347,915,835.914,1.095,0.035,0.078,0.113,-115.8,-0.973,0.159,0.002,0.003,37.188,0.688,0.18,915.078,840.336,1.089,1.089,0.173,17.323,33.5,2.33,25.085,8.464,91.0,1.264,4.0,0.056,4.71,14.06,2.123,0.012,0.335,0.711,0.004,0.09,0.8,2.681,0.6,1.4,1.525,916.602,1.091,1062.336,-0.009,-0.431,1.122,0.023,-1.553
48,P.J. Washington,DAL,73,2221,939,141.0,411,72.0,59.0,96.0,169,5.0,2.5,3.2,31.9,0.3,0.2,0.537,1.315,2.315,939,873.861,1.075,0.035,0.089,0.113,-137.8,-0.977,0.1,0.001,0.002,44.062,0.781,0.19,939.089,878.376,1.069,1.069,0.175,17.47,46.0,1.66,19.095,8.81,111.0,1.521,30.0,0.411,6.26,13.19,9.425,0.066,0.475,4.473,0.031,0.115,1.2,4.466,1.1,2.3,2.459,941.548,1.072,1144.85,-0.06,-2.896,2.207,0.046,-5.103
49,Zion Williamson,NOP,70,2207,1601,352.0,406,77.0,47.0,193.0,159,13.7,5.8,10.0,39.7,0.5,0.2,0.616,2.757,2.271,1601,1300.0,1.232,0.039,0.226,0.389,-342.0,-0.972,0.252,0.001,0.001,35.2,0.58,0.293,1601.226,1312.757,1.22,1.22,0.308,30.806,62.9,3.71,20.871,13.421,111.0,1.586,31.0,0.443,4.13,10.79,11.38,0.107,0.383,4.356,0.041,0.147,1.8,4.057,0.9,2.7,3.293,1604.519,1.222,1947.897,0.065,3.11,4.415,0.092,-1.305
50,Mike Conley,MIN,76,2193,869,449.0,218,88.0,17.0,102.0,128,15.0,7.5,8.4,54.1,0.9,0.6,0.625,1.342,1.684,869,695.402,1.25,0.033,0.251,0.281,-440.6,-0.981,0.155,0.001,0.002,53.452,0.893,0.161,869.251,705.144,1.232,1.233,0.181,18.123,66.5,4.41,10.604,7.242,122.0,1.605,7.0,0.092,2.53,9.89,6.719,0.036,0.256,1.719,0.009,0.162,0.5,2.382,0.4,0.9,1.109,870.36,1.234,1277.812,0.125,5.997,6.451,0.134,-0.454
51,Buddy Hield,PHI,84,2160,1013,236.0,269,70.0,42.0,103.0,169,6.9,3.2,4.2,37.3,0.2,0.2,0.576,1.226,2.012,1013,879.075,1.152,0.029,0.094,0.123,-231.8,-0.982,0.113,0.001,0.001,56.19,0.762,0.191,1013.094,884.501,1.145,1.145,0.192,19.16,49.7,1.84,17.797,9.051,92.0,1.095,21.0,0.25,4.62,11.42,9.091,0.054,0.405,3.678,0.022,0.096,0.7,2.476,0.4,1.1,1.26,1014.353,1.147,1271.452,0.03,1.422,3.049,0.064,-1.627
52,CJ McCollum,NOP,66,2159,1322,305.0,286,62.0,41.0,110.0,126,12.0,5.9,7.9,46.3,0.6,0.7,0.591,1.667,1.909,1322,1118.538,1.182,0.039,0.232,0.311,-297.1,-0.974,0.171,0.002,0.002,38.608,0.747,0.25,1322.232,1128.105,1.172,1.172,0.265,26.493,67.0,3.95,16.837,11.533,90.0,1.364,22.0,0.333,4.79,12.76,8.559,0.07,0.375,3.213,0.026,0.107,0.6,3.742,0.4,1.0,1.172,1323.404,1.173,1616.911,0.09,4.335,4.415,0.092,-0.079
53,Spencer Dinwiddie,LAL,76,2152,795,356.0,205,51.0,22.0,91.0,138,12.1,5.5,8.0,35.5,0.5,0.3,0.546,1.197,1.816,795,728.0,1.092,0.034,0.187,0.272,-348.0,-0.978,0.225,0.001,0.001,44.5,0.688,0.165,795.187,737.197,1.078,1.079,0.153,15.306,47.4,4.72,15.553,7.282,77.0,1.013,15.0,0.197,3.92,10.15,5.612,0.05,0.386,2.167,0.019,0.1,0.4,2.303,0.5,0.9,0.971,796.158,1.08,1104.858,0.031,1.494,0.598,0.012,0.897
54,Grant Williams,CHA,76,2130,784,174.0,318,44.0,39.0,109.0,226,5.9,2.7,3.8,27.0,0.3,0.2,0.589,1.434,2.974,784,665.698,1.178,0.034,0.092,0.129,-170.2,-0.978,0.141,0.001,0.002,45.789,0.711,0.162,784.092,670.932,1.169,1.169,0.152,15.214,37.8,1.84,17.75,6.919,93.0,1.224,19.0,0.25,5.04,11.86,7.738,0.05,0.425,3.288,0.021,0.103,1.2,3.053,0.9,2.1,2.454,786.546,1.172,971.933,-0.115,-5.499,-10.244,-0.213,4.745
55,Jaren Jackson Jr.,MEM,66,2124,1486,154.0,365,80.0,106.0,160.0,235,6.3,2.8,4.5,31.3,0.4,0.2,0.553,2.424,3.561,1486,1342.904,1.107,0.041,0.115,0.184,-149.5,-0.971,0.144,0.001,0.003,34.222,0.622,0.307,1486.115,1349.828,1.101,1.101,0.294,29.42,54.8,2.91,24.632,13.762,172.0,2.606,61.0,0.924,8.32,13.82,12.74,0.111,0.602,7.67,0.067,0.189,1.3,4.242,1.0,2.3,2.532,1488.647,1.103,1736.652,-0.16,-7.684,-7.0,-0.146,-0.684
56,Tim Hardaway Jr.,DAL,79,2120,1139,139.0,254,42.0,6.0,69.0,106,4.5,2.1,2.4,24.3,0.2,0.1,0.545,0.873,1.342,1139,1044.835,1.09,0.032,0.068,0.078,-136.6,-0.983,0.099,0.001,0.001,57.917,0.875,0.226,1139.068,1048.108,1.087,1.087,0.218,21.849,39.0,2.36,26.875,10.512,79.0,1.0,2.0,0.025,3.27,9.89,1.835,0.008,0.331,0.607,0.003,0.101,0.3,2.937,0.6,0.9,0.978,1140.046,1.088,1275.391,0.006,0.294,2.207,0.046,-1.913
57,Nic Claxton,BKN,71,2116,841,147.0,706,46.0,146.0,93.0,175,5.0,2.3,2.7,33.5,0.2,0.1,0.629,1.31,2.465,841,668.0,1.259,0.034,0.078,0.092,-144.3,-0.982,0.081,0.001,0.001,54.444,0.852,0.16,841.078,672.01,1.251,1.252,0.169,16.939,45.1,1.98,14.9,6.926,153.0,2.155,94.0,1.324,10.87,17.23,13.431,0.122,0.631,8.474,0.077,0.125,2.8,7.225,1.9,4.7,5.882,846.961,1.26,1089.76,-0.131,-6.306,-2.89,-0.06,-3.416
58,Taurean Prince,LAL,78,2108,697,119.0,230,58.0,35.0,73.0,146,3.8,1.9,2.5,16.2,0.2,0.1,0.581,0.936,1.872,697,600.0,1.162,0.032,0.061,0.08,-116.5,-0.979,0.154,0.001,0.002,47.6,0.76,0.138,697.061,603.436,1.155,1.155,0.133,13.276,25.3,1.93,23.851,5.961,103.0,1.321,24.0,0.308,3.81,10.53,9.186,0.081,0.362,3.324,0.029,0.125,0.3,2.679,0.5,0.8,0.924,697.985,1.157,858.201,-0.056,-2.71,0.598,0.012,-3.307
59,Brandon Ingram,NOP,64,2103,1332,363.0,324,50.0,40.0,163.0,145,14.7,7.3,10.5,41.9,1.1,0.6,0.576,2.547,2.266,1332,1156.208,1.152,0.04,0.296,0.425,-352.5,-0.971,0.251,0.002,0.003,34.571,0.695,0.274,1332.296,1169.255,1.139,1.139,0.273,27.346,64.6,4.01,18.1,11.953,80.0,1.25,25.0,0.391,5.27,10.78,7.59,0.074,0.489,3.711,0.036,0.116,0.7,4.391,0.9,1.6,1.823,1334.119,1.141,1654.074,0.083,3.994,4.415,0.092,-0.42
60,Jusuf Nurkic,PHX,76,2078,829,301.0,837,81.0,80.0,175.0,254,9.5,4.6,4.8,42.5,0.4,0.3,0.559,2.303,3.342,829,742.0,1.117,0.032,0.145,0.151,-296.2,-0.984,0.113,0.001,0.001,62.708,0.958,0.191,829.145,749.103,1.107,1.107,0.172,17.235,55.5,1.83,13.497,7.606,135.0,1.776,53.0,0.697,7.46,15.66,10.724,0.093,0.476,5.109,0.045,0.113,2.9,8.066,2.2,5.1,5.645,834.79,1.114,1172.925,0.194,9.309,3.061,0.064,6.248
61,Myles Turner,IND,77,2077,1313,100.0,533,39.0,144.0,109.0,232,3.2,1.6,1.7,21.8,0.2,0.1,0.628,1.416,3.013,1313,1045.0,1.256,0.032,0.051,0.054,-98.3,-0.983,0.078,0.001,0.002,58.824,0.941,0.238,1313.051,1048.116,1.253,1.253,0.256,25.615,36.8,1.48,28.481,10.34,133.0,1.727,84.0,1.091,8.82,15.0,16.327,0.124,0.588,9.6,0.073,0.115,1.5,5.455,1.8,3.3,4.134,1317.185,1.257,1516.701,0.106,5.084,3.049,0.064,2.035
62,Collin Sexton,UTA,78,2075,1458,383.0,205,62.0,18.0,165.0,154,12.6,5.7,8.4,32.8,0.5,0.3,0.606,2.115,1.974,1458,1203.077,1.212,0.033,0.188,0.276,-374.6,-0.978,0.256,0.001,0.001,45.595,0.679,0.273,1458.188,1213.592,1.201,1.202,0.276,27.551,52.1,4.44,23.294,12.143,96.0,1.231,8.0,0.103,2.17,9.0,8.295,0.047,0.241,2.0,0.011,0.137,1.0,1.718,0.2,1.2,1.442,1459.629,1.203,1792.023,-0.069,-3.308,-4.89,-0.102,1.582
63,Kelly Oubre Jr.,PHI,68,2055,1049,101.0,341,77.0,47.0,87.0,194,4.1,1.9,2.4,23.4,0.2,0.2,0.536,1.279,2.853,1049,977.932,1.073,0.041,0.077,0.097,-98.6,-0.976,0.103,0.002,0.002,42.083,0.792,0.225,1049.077,981.612,1.069,1.069,0.216,21.58,40.0,2.31,24.54,10.045,116.0,1.706,22.0,0.324,3.25,10.94,14.462,0.1,0.297,4.296,0.03,0.156,1.4,3.632,0.4,1.8,1.924,1051.001,1.071,1222.146,-0.012,-0.584,3.049,0.064,-3.633
64,Jimmy Butler,MIA,60,2042,1246,298.0,318,79.0,17.0,102.0,68,13.5,5.8,10.1,40.8,0.5,0.3,0.619,1.7,1.133,1246,1005.992,1.239,0.045,0.263,0.458,-287.9,-0.966,0.248,0.001,0.002,29.505,0.574,0.24,1246.263,1017.792,1.224,1.224,0.272,27.235,61.0,4.41,16.685,10.576,91.0,1.517,7.0,0.117,3.23,10.65,5.263,0.036,0.303,1.596,0.011,0.142,1.8,3.55,0.8,2.6,3.184,1249.446,1.228,1538.627,0.105,5.054,1.756,0.037,3.298
65,Terry Rozier,MIA,61,2040,1205,342.0,247,63.0,21.0,106.0,101,14.2,6.7,9.5,53.5,0.8,0.3,0.554,1.738,1.656,1205,1087.833,1.108,0.042,0.278,0.394,-332.5,-0.972,0.178,0.001,0.002,36.0,0.705,0.258,1205.278,1099.071,1.096,1.097,0.246,24.582,75.1,4.68,14.635,11.421,105.0,1.721,9.0,0.148,3.72,12.72,5.645,0.04,0.292,1.651,0.012,0.135,0.6,3.475,0.3,0.9,0.987,1206.265,1.098,1512.438,-0.142,-6.824,1.756,0.037,-8.58
66,Alex Caruso,CHI,71,2040,715,247.0,273,120.0,70.0,102.0,181,8.4,4.3,5.6,41.3,0.5,0.3,0.61,1.437,2.549,715,586.0,1.22,0.034,0.146,0.19,-241.4,-0.977,0.136,0.001,0.002,44.107,0.768,0.15,715.146,593.037,1.206,1.206,0.153,15.32,52.7,2.6,11.253,6.085,197.0,2.775,35.0,0.493,5.0,13.27,14.0,0.099,0.377,5.275,0.037,0.209,0.9,2.972,0.6,1.5,1.809,716.955,1.209,1051.927,0.002,0.094,-1.439,-0.03,1.533
67,Keldon Johnson,SAS,69,2038,1084,195.0,377,51.0,20.0,100.0,149,7.3,3.5,5.2,33.4,0.5,0.2,0.566,1.449,2.159,1084,957.884,1.132,0.037,0.131,0.195,-189.8,-0.973,0.156,0.001,0.003,37.5,0.673,0.218,1084.131,964.533,1.124,1.124,0.212,21.18,49.8,2.68,19.368,9.513,75.0,1.087,14.0,0.203,3.67,10.65,5.45,0.055,0.345,1.878,0.019,0.102,1.4,4.087,0.9,2.3,2.585,1086.716,1.127,1278.648,-0.17,-8.173,-6.488,-0.135,-1.685
68,Kyrie Irving,DAL,58,2030,1487,299.0,290,74.0,28.0,106.0,112,13.1,6.6,9.6,45.8,0.9,0.5,0.607,1.828,1.931,1487,1225.839,1.213,0.044,0.289,0.421,-289.4,-0.968,0.21,0.002,0.003,31.146,0.688,0.281,1487.289,1237.266,1.202,1.202,0.309,30.889,70.7,4.12,17.5,12.409,104.0,1.793,18.0,0.31,3.03,11.14,9.241,0.102,0.272,2.513,0.028,0.161,0.8,4.241,0.9,1.7,2.044,1489.333,1.204,1779.22,0.136,6.55,2.207,0.046,4.342
69,Karl-Anthony Towns,MIN,62,2026,1349,189.0,515,43.0,41.0,177.0,204,7.5,3.7,5.0,31.4,0.4,0.3,0.625,2.855,3.29,1349,1078.395,1.251,0.04,0.147,0.198,-184.0,-0.974,0.159,0.002,0.002,37.8,0.74,0.275,1349.147,1086.25,1.242,1.242,0.299,29.865,53.2,2.13,20.418,11.156,72.0,1.161,19.0,0.306,7.4,13.53,5.541,0.041,0.547,3.03,0.023,0.086,1.5,6.79,1.7,3.2,3.974,1353.121,1.246,1544.031,0.158,7.605,6.451,0.134,1.154
70,Bobby Portis,MIL,82,2008,1130,104.0,607,68.0,34.0,91.0,189,3.4,1.6,2.3,28.1,0.2,0.1,0.581,1.11,2.305,1130,972.0,1.163,0.033,0.052,0.075,-101.7,-0.978,0.082,0.001,0.002,45.217,0.696,0.231,1130.052,975.41,1.158,1.159,0.232,23.165,41.8,1.8,23.335,9.722,89.0,1.085,17.0,0.207,4.87,10.0,6.982,0.043,0.487,3.4,0.021,0.109,1.7,5.671,1.3,3.0,3.476,1133.528,1.162,1289.769,-0.002,-0.12,2.622,0.055,-2.741
71,Gary Trent Jr.,TOR,71,1994,974,119.0,188,77.0,10.0,47.0,96,4.1,2.1,3.0,17.8,0.2,0.2,0.548,0.662,1.352,974,888.207,1.097,0.034,0.072,0.103,-116.0,-0.975,0.169,0.002,0.002,39.667,0.7,0.2,974.072,891.869,1.092,1.092,0.198,19.793,31.4,2.35,28.403,8.967,88.0,1.239,4.0,0.056,1.49,6.93,6.711,0.038,0.215,1.443,0.008,0.179,0.4,2.296,0.4,0.8,0.874,974.946,1.093,1134.625,-0.097,-4.67,-6.439,-0.134,1.769
72,Norman Powell,LAC,76,1990,1056,82.0,195,43.0,22.0,66.0,137,2.7,1.3,1.8,14.5,0.1,0.1,0.627,0.868,1.803,1056,841.797,1.254,0.033,0.043,0.059,-80.2,-0.978,0.124,0.001,0.001,45.556,0.722,0.199,1056.043,844.466,1.25,1.251,0.225,22.463,27.3,2.55,30.933,8.695,64.0,0.842,13.0,0.171,2.72,8.28,8.088,0.063,0.329,2.657,0.021,0.102,0.2,2.355,0.5,0.7,0.875,1056.918,1.252,1165.794,0.107,5.114,3.28,0.068,1.833
73,Naz Reid,MIN,81,1964,1090,106.0,423,63.0,73.0,111.0,172,3.4,1.6,2.2,26.2,0.3,0.1,0.595,1.37,2.123,1090,916.682,1.189,0.032,0.051,0.071,-103.8,-0.979,0.084,0.001,0.003,48.182,0.727,0.231,1090.051,920.252,1.184,1.185,0.253,25.349,39.7,1.74,23.18,9.451,113.0,1.395,47.0,0.58,5.37,9.72,13.594,0.108,0.552,7.51,0.06,0.144,0.9,4.321,1.2,2.1,2.487,1092.539,1.187,1272.465,0.126,6.061,6.451,0.134,-0.39
74,Caris LeVert,CLE,68,1958,952,346.0,280,76.0,34.0,117.0,121,13.6,6.1,8.5,36.7,0.5,0.5,0.521,1.721,1.779,952,913.0,1.043,0.039,0.24,0.334,-337.5,-0.975,0.232,0.001,0.001,40.706,0.718,0.231,952.24,923.221,1.031,1.031,0.211,21.071,53.2,3.91,17.354,9.488,107.0,1.574,18.0,0.265,3.85,10.44,8.831,0.069,0.369,3.257,0.025,0.151,0.6,3.544,0.6,1.2,1.238,953.477,1.033,1286.363,0.061,2.942,2.415,0.05,0.527
75,Royce O'Neale,PHX,79,1954,608,219.0,377,59.0,44.0,73.0,174,6.9,3.3,4.1,35.0,0.4,0.2,0.546,0.924,2.203,608,557.0,1.092,0.032,0.104,0.129,-214.9,-0.981,0.117,0.001,0.002,53.415,0.805,0.138,608.104,562.024,1.082,1.082,0.134,13.41,43.8,1.87,12.832,5.707,92.0,1.165,21.0,0.266,3.03,10.03,14.521,0.088,0.302,4.387,0.027,0.116,0.8,4.013,1.0,1.8,1.948,610.052,1.085,847.311,0.06,2.874,3.061,0.064,-0.187
76,Donovan Mitchell,CLE,55,1943,1463,333.0,280,101.0,30.0,154.0,118,15.9,7.7,11.4,50.9,0.9,0.6,0.59,2.8,2.145,1463,1239.951,1.18,0.048,0.368,0.544,-321.6,-0.966,0.224,0.002,0.003,29.211,0.675,0.305,1463.368,1254.151,1.167,1.167,0.334,33.44,79.1,4.77,15.855,12.889,120.0,2.182,15.0,0.273,2.96,9.09,10.135,0.092,0.326,3.3,0.03,0.24,0.9,4.255,0.8,1.7,1.984,1465.351,1.168,1805.834,0.167,8.029,2.415,0.05,5.614
77,Trae Young,ATL,54,1942,1389,583.0,149,72.0,11.0,235.0,109,27.1,12.7,18.2,55.6,1.1,1.1,0.58,4.352,2.019,1389,1197.937,1.159,0.046,0.59,0.846,-564.8,-0.969,0.327,0.002,0.002,32.033,0.698,0.298,1389.59,1220.489,1.138,1.139,0.275,27.451,85.5,5.82,14.275,12.119,115.0,2.13,8.0,0.148,2.43,13.11,4.527,0.061,0.185,0.839,0.011,0.162,0.4,2.333,0.1,0.5,0.569,1390.16,1.139,1862.324,-0.06,-2.867,-2.183,-0.045,-0.684
78,Dorian Finney-Smith,BKN,68,1934,580,107.0,317,56.0,38.0,59.0,150,4.2,2.0,3.1,28.2,0.2,0.2,0.544,0.868,2.206,580,533.0,1.088,0.039,0.079,0.122,-103.9,-0.971,0.11,0.002,0.002,34.516,0.645,0.136,580.079,536.968,1.08,1.08,0.129,12.906,37.7,1.61,14.243,5.534,84.0,1.235,27.0,0.397,5.21,12.01,7.294,0.076,0.434,3.164,0.033,0.103,1.6,3.059,0.8,2.4,2.593,582.671,1.085,733.716,-0.056,-2.705,-2.89,-0.06,0.185
79,Tyus Jones,WAS,66,1933,790,485.0,179,71.0,18.0,66.0,48,18.6,8.8,12.5,55.6,0.9,0.7,0.578,1.0,0.727,790,682.864,1.157,0.038,0.337,0.479,-472.5,-0.974,0.225,0.001,0.002,38.8,0.704,0.163,790.337,696.364,1.134,1.135,0.154,15.355,68.2,4.2,10.211,6.807,89.0,1.348,6.0,0.091,1.77,10.06,10.169,0.051,0.176,1.789,0.009,0.134,0.3,2.409,0.1,0.4,0.454,790.791,1.136,1207.605,-0.256,-12.292,-9.293,-0.194,-2.999
80,Jonas Valanciunas,NOP,82,1925,1002,173.0,721,32.0,68.0,111.0,218,5.2,2.5,2.4,36.4,0.2,0.1,0.616,1.354,2.659,1002,813.0,1.232,0.03,0.075,0.072,-170.6,-0.986,0.066,0.001,0.001,72.083,1.042,0.211,1002.075,816.754,1.227,1.227,0.223,22.336,48.4,1.74,16.875,8.35,78.0,0.951,44.0,0.537,6.39,11.84,10.642,0.084,0.54,5.743,0.045,0.08,2.3,6.524,1.8,4.1,5.03,1007.105,1.233,1199.459,0.082,3.94,4.415,0.092,-0.475
81,Nickeil Alexander-Walker,MIN,82,1921,655,204.0,167,64.0,42.0,76.0,143,6.6,3.1,3.8,30.2,0.3,0.3,0.576,0.927,1.744,655,568.869,1.151,0.032,0.1,0.123,-200.2,-0.981,0.126,0.001,0.001,53.684,0.816,0.149,655.1,573.595,1.142,1.142,0.155,15.532,39.1,3.49,14.67,5.891,115.0,1.402,22.0,0.268,2.93,9.1,14.334,0.092,0.322,4.615,0.029,0.154,0.5,1.61,0.4,0.9,1.028,656.128,1.144,886.904,0.162,7.796,6.451,0.134,1.345
82,Andrew Wiggins,GSW,71,1920,939,119.0,321,42.0,41.0,87.0,147,4.5,2.0,3.3,22.7,0.3,0.1,0.542,1.225,2.07,939,867.0,1.083,0.038,0.076,0.125,-115.7,-0.972,0.145,0.001,0.003,36.061,0.606,0.212,939.076,871.525,1.077,1.078,0.2,19.962,36.9,2.82,23.619,8.743,77.0,1.085,24.0,0.338,5.34,10.99,7.678,0.063,0.486,3.731,0.031,0.099,1.6,3.0,0.8,2.4,2.586,941.662,1.08,1087.0,-0.03,-1.45,2.61,0.054,-4.06
83,Duncan Robinson,MIA,68,1906,875,192.0,173,46.0,16.0,95.0,163,7.0,3.4,4.7,25.8,0.4,0.3,0.612,1.397,2.397,875,715.086,1.224,0.036,0.124,0.171,-187.3,-0.976,0.182,0.002,0.002,40.851,0.723,0.189,875.124,721.183,1.213,1.213,0.203,20.297,38.2,2.1,18.879,7.494,61.0,0.897,7.0,0.103,3.28,8.46,4.878,0.031,0.388,1.891,0.012,0.106,0.3,2.324,0.4,0.7,0.849,875.973,1.215,1059.932,0.02,0.982,1.756,0.037,-0.774
84,John Collins,UTA,68,1901,1027,77.0,575,40.0,61.0,98.0,191,3.0,1.4,2.7,30.4,0.2,0.1,0.62,1.441,2.809,1027,828.0,1.24,0.039,0.055,0.105,-74.3,-0.965,0.089,0.001,0.003,28.519,0.519,0.204,1027.055,832.141,1.234,1.234,0.21,21.015,44.9,1.62,18.533,8.326,89.0,1.309,35.0,0.515,6.37,12.24,9.576,0.081,0.52,4.984,0.042,0.107,2.3,6.147,1.7,4.0,4.937,1031.991,1.24,1158.922,-0.161,-7.752,-4.89,-0.102,-2.861
85,Darius Garland,CLE,57,1901,1028,373.0,152,74.0,7.0,176.0,95,16.4,8.4,12.0,53.6,1.2,0.7,0.556,3.088,1.667,1028,923.783,1.113,0.044,0.369,0.528,-361.0,-0.968,0.224,0.002,0.003,31.083,0.7,0.255,1028.369,938.871,1.095,1.095,0.239,23.857,75.3,5.26,12.468,9.649,94.0,1.649,4.0,0.07,2.67,10.61,2.622,0.026,0.252,0.66,0.007,0.155,0.6,2.14,0.3,0.9,0.986,1029.355,1.096,1357.408,0.059,2.828,2.415,0.05,0.413
86,Isaiah Hartenstein,NYK,75,1896,582,188.0,626,87.0,85.0,93.0,210,6.5,2.9,3.9,33.7,0.2,0.2,0.683,1.24,2.8,582,426.0,1.366,0.035,0.1,0.135,-184.1,-0.979,0.116,0.001,0.001,48.205,0.744,0.118,582.1,431.14,1.35,1.35,0.137,13.678,41.0,1.52,10.516,4.532,143.0,1.907,53.0,0.707,7.37,13.0,11.533,0.096,0.567,6.538,0.054,0.147,3.3,5.093,1.7,5.0,6.751,588.851,1.366,859.179,0.214,10.278,4.585,0.096,5.693
87,Eric Gordon,PHX,68,1893,749,139.0,122,66.0,30.0,73.0,79,5.2,2.7,3.3,24.1,0.4,0.2,0.581,1.074,1.162,749,645.0,1.161,0.037,0.101,0.123,-135.7,-0.976,0.137,0.001,0.003,42.121,0.818,0.167,749.101,649.374,1.153,1.154,0.169,16.854,35.6,2.74,18.241,6.593,85.0,1.25,16.0,0.235,1.94,7.63,15.464,0.121,0.254,3.932,0.031,0.164,0.3,1.559,0.3,0.6,0.692,749.793,1.155,927.613,0.069,3.322,3.061,0.064,0.261
88,Clint Capela,ATL,73,1883,836,91.0,776,43.0,106.0,74.0,164,3.4,1.5,2.1,19.5,0.1,0.1,0.589,1.014,2.247,836,710.0,1.177,0.037,0.056,0.078,-88.9,-0.977,0.108,0.001,0.001,43.333,0.714,0.17,836.056,713.114,1.172,1.172,0.181,18.091,30.9,1.36,23.078,7.081,127.0,1.74,67.0,0.918,8.56,13.21,12.383,0.107,0.648,8.024,0.069,0.132,4.6,6.041,1.8,6.4,7.503,843.559,1.183,1015.612,-0.009,-0.433,-2.183,-0.045,1.75
89,Terance Mann,LAC,75,1873,658,119.0,254,43.0,15.0,48.0,145,3.8,1.7,2.7,21.0,0.1,0.1,0.615,0.64,1.933,658,535.0,1.23,0.032,0.054,0.086,-116.3,-0.977,0.129,0.001,0.001,44.074,0.63,0.139,658.054,538.34,1.222,1.222,0.15,14.995,29.2,2.6,18.436,5.543,57.0,0.76,7.0,0.093,2.51,8.43,5.976,0.037,0.298,1.779,0.011,0.09,1.2,2.227,0.5,1.7,2.078,660.132,1.226,791.563,0.028,1.333,3.28,0.068,-1.948
90,Malik Monk,SAC,72,1872,1110,370.0,212,45.0,39.0,150.0,156,13.1,6.4,9.1,35.2,0.7,0.6,0.559,2.083,2.167,1110,992.997,1.118,0.035,0.227,0.322,-360.9,-0.975,0.259,0.002,0.002,40.659,0.703,0.254,1110.227,1004.181,1.105,1.106,0.243,24.284,52.8,3.45,19.019,10.094,81.0,1.125,24.0,0.333,3.51,8.77,11.111,0.095,0.4,4.447,0.038,0.128,0.4,2.556,0.3,0.7,0.774,1111.001,1.106,1432.72,0.005,0.256,1.744,0.036,-1.487
91,Bruce Brown,TOR,67,1865,726,192.0,284,59.0,17.0,86.0,148,7.4,3.7,5.0,31.4,0.5,0.3,0.564,1.284,2.209,726,643.887,1.128,0.039,0.143,0.193,-187.0,-0.974,0.159,0.002,0.003,38.4,0.74,0.165,726.143,650.17,1.117,1.117,0.15,14.985,43.2,2.89,15.05,6.537,66.0,0.985,6.0,0.09,4.0,12.34,4.25,0.022,0.324,1.378,0.007,0.08,0.9,3.448,0.5,1.4,1.564,727.706,1.119,926.227,-0.124,-5.945,-6.439,-0.134,0.494
92,Jamal Murray,DEN,59,1861,1250,384.0,242,57.0,39.0,125.0,104,15.7,8.0,10.7,46.7,0.9,0.6,0.582,2.119,1.763,1250,1073.161,1.165,0.041,0.327,0.437,-373.3,-0.972,0.229,0.002,0.002,35.888,0.748,0.281,1250.327,1085.98,1.151,1.151,0.293,29.329,69.5,5.12,15.626,11.254,86.0,1.458,22.0,0.373,5.56,14.19,7.014,0.067,0.392,2.748,0.026,0.103,0.7,3.39,0.6,1.3,1.497,1251.824,1.153,1593.115,0.167,8.021,5.256,0.11,2.765
93,RJ Barrett,TOR,58,1838,1170,193.0,315,31.0,22.0,126.0,129,8.4,4.0,5.7,31.9,0.6,0.2,0.579,2.172,2.224,1170,1010.728,1.158,0.044,0.174,0.248,-187.3,-0.97,0.179,0.001,0.003,33.86,0.702,0.263,1170.174,1018.6,1.149,1.149,0.256,25.591,53.0,2.72,19.219,10.241,50.0,0.862,11.0,0.19,5.57,13.24,3.95,0.034,0.421,1.662,0.014,0.065,0.9,4.517,0.9,1.8,2.068,1172.242,1.151,1342.237,-0.083,-3.996,-6.439,-0.134,2.443
94,Georges Niang,CLE,82,1831,768,98.0,278,30.0,18.0,72.0,192,3.2,1.5,2.2,26.7,0.2,0.2,0.583,0.878,2.341,768,658.715,1.166,0.033,0.049,0.072,-95.8,-0.978,0.082,0.002,0.002,44.545,0.682,0.177,768.049,661.793,1.16,1.161,0.179,17.948,36.3,1.64,18.231,6.801,49.0,0.598,10.0,0.122,3.73,10.14,4.826,0.033,0.368,1.775,0.012,0.059,0.3,3.122,0.6,0.9,1.045,769.093,1.162,874.478,0.016,0.786,2.415,0.05,-1.628
95,Jerami Grant,POR,54,1830,1132,152.0,191,45.0,34.0,116.0,117,7.3,3.2,5.4,30.8,0.3,0.1,0.569,2.148,2.167,1132,994.819,1.138,0.048,0.154,0.259,-146.6,-0.964,0.175,0.001,0.002,28.148,0.593,0.26,1132.154,1002.367,1.129,1.129,0.258,25.757,52.5,2.92,19.093,10.237,81.0,1.5,22.0,0.407,3.83,10.81,8.877,0.106,0.354,3.145,0.038,0.139,0.7,2.852,0.6,1.3,1.468,1133.622,1.131,1296.927,-0.192,-9.207,-9.024,-0.188,-0.182
96,Rui Hachimura,LAL,68,1826,923,81.0,294,41.0,25.0,46.0,101,3.2,1.5,2.0,20.1,0.3,0.0,0.628,0.676,1.485,923,735.0,1.256,0.04,0.059,0.079,-79.0,-0.975,0.1,0.0,0.004,40.5,0.75,0.188,923.059,737.676,1.251,1.251,0.21,21.015,32.3,1.87,22.838,7.287,63.0,0.926,17.0,0.25,4.49,10.43,5.568,0.056,0.43,2.397,0.024,0.089,0.9,3.471,0.8,1.7,2.127,925.186,1.254,1033.571,0.067,3.233,0.598,0.012,2.636
97,Lauri Markkanen,UTA,55,1820,1278,110.0,449,50.0,26.0,77.0,100,5.2,2.3,3.4,29.8,0.2,0.1,0.622,1.4,1.818,1278,1026.856,1.245,0.047,0.109,0.161,-106.6,-0.969,0.114,0.001,0.002,32.353,0.676,0.247,1278.109,1031.656,1.239,1.239,0.281,28.119,50.7,1.84,20.348,10.323,77.0,1.4,18.0,0.327,7.76,15.2,3.351,0.042,0.511,1.711,0.022,0.092,2.2,5.945,1.9,4.1,5.079,1283.188,1.244,1415.971,0.012,0.554,-4.89,-0.102,5.444
98,Reggie Jackson,DEN,82,1817,833,308.0,155,44.0,13.0,106.0,149,9.4,4.7,6.2,33.7,0.5,0.4,0.519,1.293,1.817,833,801.888,1.039,0.031,0.143,0.189,-301.8,-0.98,0.184,0.001,0.002,49.677,0.758,0.218,833.143,809.381,1.029,1.029,0.2,20.043,46.1,4.79,17.557,8.387,64.0,0.78,7.0,0.085,3.3,9.04,3.939,0.026,0.365,1.438,0.009,0.086,0.5,1.488,0.3,0.8,0.823,833.967,1.03,1095.521,0.043,2.061,5.256,0.11,-3.196
99,Daniel Gafford,DAL,74,1814,814,115.0,562,65.0,153.0,74.0,227,3.7,1.9,2.1,28.4,0.2,0.1,0.729,1.0,3.068,814,558.0,1.459,0.032,0.061,0.068,-112.9,-0.982,0.074,0.001,0.002,54.762,0.905,0.148,814.061,561.1,1.451,1.451,0.179,17.941,37.3,1.39,15.043,5.627,166.0,2.243,85.0,1.149,8.82,15.42,17.347,0.13,0.572,9.922,0.074,0.145,2.7,4.959,1.6,4.3,6.239,820.3,1.462,1064.783,-0.055,-2.646,2.207,0.046,-4.853
100,Ivica Zubac,LAC,68,1795,794,93.0,626,22.0,83.0,79.0,180,3.5,1.7,1.8,32.4,0.2,0.1,0.665,1.162,2.647,794,597.0,1.33,0.038,0.064,0.068,-91.2,-0.981,0.056,0.001,0.002,51.667,0.944,0.168,794.064,599.962,1.323,1.324,0.195,19.542,42.8,1.38,14.018,6.177,72.0,1.059,47.0,0.691,9.84,16.79,8.435,0.07,0.586,4.943,0.041,0.063,2.9,6.324,1.9,4.8,6.353,800.417,1.334,937.276,0.103,4.92,3.28,0.068,1.64
101,Deandre Ayton,POR,55,1784,920,90.0,609,56.0,42.0,99.0,109,4.3,2.0,2.8,38.0,0.3,0.1,0.587,1.8,1.982,920,783.0,1.175,0.048,0.096,0.134,-87.2,-0.969,0.074,0.001,0.003,32.143,0.714,0.215,920.096,787.6,1.168,1.168,0.22,21.962,54.5,1.76,14.451,8.044,86.0,1.564,27.0,0.491,8.65,18.53,4.855,0.057,0.467,2.267,0.026,0.084,3.2,7.873,2.2,5.4,6.308,926.404,1.176,1063.88,-0.178,-8.556,-9.024,-0.188,0.468
102,Derrick Jones Jr.,DAL,76,1783,657,75.0,250,53.0,51.0,65.0,121,2.7,1.2,2.0,17.5,0.1,0.1,0.594,0.855,1.592,657,553.0,1.188,0.036,0.043,0.072,-73.0,-0.973,0.114,0.001,0.001,37.5,0.6,0.15,657.043,555.855,1.182,1.182,0.154,15.444,26.1,1.68,21.297,5.575,99.0,1.303,25.0,0.329,3.55,8.75,14.366,0.093,0.406,5.829,0.038,0.149,1.2,2.211,0.6,1.8,2.128,659.171,1.186,794.704,0.031,1.481,2.207,0.046,-0.727
103,Kyle Anderson,MIN,79,1782,506,331.0,273,71.0,47.0,91.0,128,10.6,4.9,6.3,31.4,0.3,0.4,0.51,1.152,1.62,506,496.0,1.02,0.032,0.157,0.202,-324.7,-0.981,0.201,0.001,0.001,52.54,0.778,0.146,506.157,503.452,1.005,1.005,0.129,12.948,39.7,3.1,12.681,5.171,106.0,1.342,28.0,0.354,3.61,8.84,13.019,0.098,0.408,5.317,0.04,0.152,0.8,2.696,0.8,1.6,1.609,507.766,1.009,838.137,0.094,4.498,6.451,0.134,-1.953
104,Bradley Beal,PHX,53,1767,964,265.0,232,52.0,27.0,131.0,127,12.5,6.3,8.1,47.7,1.1,0.4,0.606,2.472,2.396,964,795.3,1.212,0.047,0.297,0.382,-256.9,-0.969,0.17,0.002,0.004,32.716,0.778,0.23,964.297,805.872,1.196,1.197,0.231,23.118,66.3,4.22,12.155,8.182,83.0,1.566,18.0,0.34,4.3,13.79,6.279,0.079,0.312,1.958,0.025,0.114,1.1,3.358,0.8,1.9,2.274,966.571,1.199,1211.696,0.061,2.907,3.061,0.064,-0.154
105,Kelly Olynyk,TOR,78,1759,762,347.0,411,74.0,30.0,152.0,230,10.6,5.0,7.2,37.0,0.2,0.4,0.661,1.949,2.949,762,576.0,1.323,0.031,0.153,0.22,-339.8,-0.979,0.195,0.001,0.001,48.194,0.694,0.175,762.153,585.149,1.302,1.302,0.172,17.151,47.4,2.26,12.345,5.883,113.0,1.449,16.0,0.205,4.31,11.54,6.961,0.048,0.373,2.6,0.018,0.126,1.4,3.885,0.9,2.3,2.996,765.148,1.308,1095.718,-0.149,-7.15,-6.439,-0.134,-0.71
106,Caleb Martin,MIA,64,1756,640,143.0,281,47.0,29.0,77.0,126,5.8,2.5,3.8,27.5,0.2,0.1,0.533,1.203,1.969,640,600.0,1.067,0.041,0.101,0.154,-139.2,-0.973,0.138,0.001,0.001,37.632,0.658,0.173,640.101,605.003,1.058,1.058,0.163,16.327,39.0,3.26,15.513,6.287,82.0,1.281,14.0,0.219,3.48,12.52,8.333,0.063,0.278,2.316,0.017,0.102,1.2,3.234,0.5,1.7,1.799,641.9,1.061,802.474,0.038,1.804,1.756,0.037,0.048
107,Al Horford,BOS,65,1740,562,168.0,413,38.0,62.0,48.0,93,6.6,2.7,4.1,25.5,0.1,0.1,0.649,0.738,1.431,562,433.0,1.298,0.039,0.106,0.161,-163.9,-0.976,0.161,0.001,0.001,40.976,0.659,0.122,562.106,437.838,1.284,1.284,0.144,14.359,33.2,1.44,13.188,4.476,81.0,1.246,42.0,0.646,8.11,13.43,7.645,0.08,0.604,4.617,0.048,0.093,1.2,5.092,1.2,2.4,3.081,565.187,1.291,758.837,0.242,11.614,11.341,0.236,0.272
108,OG Anunoby,NYK,50,1702,733,107.0,208,68.0,36.0,81.0,119,5.5,2.8,3.7,26.0,0.4,0.3,0.597,1.62,2.38,733,613.674,1.194,0.051,0.144,0.19,-103.3,-0.965,0.142,0.003,0.004,28.919,0.757,0.178,733.144,618.994,1.184,1.184,0.196,19.552,40.9,1.89,15.134,6.507,90.0,1.8,18.0,0.36,7.12,13.0,5.056,0.051,0.548,2.769,0.028,0.138,0.9,3.22,0.8,1.7,2.013,735.157,1.188,894.126,0.229,10.999,4.585,0.096,6.413
109,Kristaps Porzingis,BOS,57,1690,1145,115.0,409,42.0,111.0,89.0,156,5.1,2.6,3.5,29.2,0.5,0.1,0.643,1.561,2.737,1145,889.886,1.287,0.044,0.115,0.155,-111.5,-0.97,0.12,0.001,0.004,32.857,0.743,0.251,1145.115,894.947,1.279,1.28,0.296,29.594,46.9,1.64,19.082,9.149,119.0,2.088,70.0,1.228,11.67,18.91,9.512,0.105,0.617,5.87,0.065,0.11,1.7,5.474,2.0,3.7,4.734,1149.85,1.285,1338.562,0.247,11.844,11.341,0.236,0.502
110,Kyle Lowry,PHI,60,1690,487,253.0,194,59.0,21.0,85.0,146,10.7,5.0,8.2,46.5,0.4,0.6,0.591,1.417,2.433,487,412.232,1.181,0.042,0.211,0.347,-244.8,-0.968,0.176,0.002,0.002,30.854,0.61,0.131,487.211,421.849,1.154,1.155,0.128,12.769,56.2,3.45,7.506,4.317,98.0,1.633,9.0,0.15,2.95,11.46,7.119,0.051,0.257,1.832,0.013,0.143,0.6,2.667,0.5,1.1,1.27,488.482,1.158,733.238,0.001,0.057,3.049,0.064,-2.992
111,Jordan Clarkson,UTA,55,1682,942,277.0,188,35.0,6.0,146.0,81,13.3,6.0,9.1,29.9,0.4,0.5,0.518,2.655,1.473,942,909.587,1.036,0.048,0.288,0.437,-267.9,-0.967,0.304,0.002,0.001,30.44,0.659,0.261,942.288,921.342,1.022,1.023,0.223,22.317,50.6,3.74,18.208,9.219,42.0,0.764,4.0,0.073,2.8,9.47,2.143,0.026,0.296,0.634,0.008,0.081,0.9,2.527,0.2,1.1,1.125,943.413,1.024,1165.135,-0.114,-5.451,-4.89,-0.102,-0.56
112,De'Andre Hunter,ATL,57,1681,891,87.0,222,40.0,16.0,83.0,146,4.1,1.9,2.9,28.4,0.3,0.1,0.599,1.456,2.561,891,743.669,1.198,0.047,0.09,0.137,-84.1,-0.967,0.102,0.001,0.003,30.0,0.655,0.208,891.09,748.025,1.191,1.191,0.213,21.326,43.5,1.92,17.196,7.428,81.0,1.421,12.0,0.211,4.7,11.96,3.404,0.045,0.393,1.338,0.018,0.119,0.6,3.351,1.1,1.7,2.025,893.115,1.194,995.825,-0.029,-1.399,-2.183,-0.045,0.784
113,Pat Connaughton,MIL,76,1676,428,161.0,239,40.0,19.0,49.0,99,5.4,2.4,3.6,25.4,0.2,0.2,0.574,0.645,1.303,428,372.871,1.148,0.034,0.08,0.121,-157.4,-0.978,0.142,0.001,0.001,44.722,0.667,0.109,428.08,377.116,1.135,1.135,0.105,10.454,31.6,2.27,11.934,3.759,64.0,0.842,15.0,0.197,3.83,9.67,4.961,0.052,0.396,1.965,0.02,0.087,0.7,2.474,0.5,1.2,1.362,429.443,1.139,591.591,-0.008,-0.401,2.622,0.055,-3.023
114,Julius Randle,NYK,46,1630,1102,229.0,423,25.0,12.0,159.0,125,13.4,5.8,9.0,46.0,0.6,0.2,0.566,3.457,2.717,1102,973.299,1.132,0.059,0.339,0.527,-220.0,-0.961,0.196,0.001,0.003,25.444,0.644,0.292,1102.339,985.756,1.118,1.118,0.289,28.924,72.5,3.15,13.597,10.363,34.0,0.739,8.0,0.174,5.37,14.0,2.235,0.032,0.384,0.857,0.012,0.053,2.2,7.043,1.4,3.6,4.026,1106.365,1.122,1284.949,0.134,6.449,4.585,0.096,1.864
115,Cameron Johnson,BKN,58,1599,776,138.0,251,49.0,15.0,57.0,105,6.1,2.9,4.3,24.8,0.4,0.1,0.58,0.983,1.81,776,669.035,1.16,0.044,0.128,0.19,-133.7,-0.969,0.173,0.001,0.003,32.093,0.674,0.194,776.128,674.318,1.151,1.151,0.207,20.671,38.5,2.48,17.515,6.95,65.0,1.121,10.0,0.172,3.74,9.63,4.011,0.046,0.388,1.558,0.018,0.116,1.0,3.379,0.5,1.5,1.726,777.855,1.154,926.381,-0.048,-2.311,-2.89,-0.06,0.579
116,Anfernee Simons,POR,46,1582,1039,255.0,167,23.0,5.0,126.0,98,13.9,7.1,10.0,48.2,1.0,0.6,0.562,2.739,2.13,1039,923.782,1.125,0.055,0.387,0.545,-245.0,-0.961,0.207,0.002,0.004,25.5,0.71,0.282,1039.387,936.521,1.109,1.11,0.268,26.778,73.3,5.14,12.777,9.565,32.0,0.696,5.0,0.109,3.41,13.43,1.466,0.032,0.254,0.372,0.008,0.052,0.5,3.152,0.4,0.9,0.999,1040.386,1.111,1231.967,-0.209,-10.013,-9.024,-0.188,-0.988
117,Kevin Huerter,SAC,64,1562,655,166.0,224,45.0,23.0,53.0,135,6.2,3.1,4.1,26.2,0.4,0.3,0.562,0.828,2.109,655,582.89,1.124,0.037,0.116,0.153,-161.9,-0.975,0.156,0.002,0.002,40.488,0.756,0.176,655.116,587.818,1.114,1.114,0.173,17.296,36.8,1.9,15.973,5.908,62.0,0.969,12.0,0.188,4.11,10.46,5.596,0.046,0.393,2.199,0.018,0.093,0.6,2.906,0.5,1.1,1.226,656.342,1.117,827.276,0.049,2.366,1.744,0.036,0.622
118,Chris Paul,GSW,58,1531,533,393.0,225,70.0,6.0,76.0,108,17.3,8.1,12.9,46.9,0.9,0.5,0.544,1.31,1.862,533,489.838,1.088,0.044,0.357,0.568,-380.1,-0.967,0.275,0.001,0.002,30.465,0.628,0.16,533.357,504.048,1.057,1.058,0.152,15.155,58.8,4.71,8.572,5.057,78.0,1.345,2.0,0.034,2.02,9.36,2.97,0.017,0.216,0.641,0.004,0.144,0.3,3.569,0.7,1.0,1.058,534.415,1.06,877.248,0.072,3.449,2.61,0.054,0.839
119,Nicolas Batum,PHI,60,1529,320,128.0,248,48.0,38.0,40.0,109,5.1,2.5,3.3,26.0,0.2,0.3,0.604,0.667,1.817,320,265.0,1.208,0.04,0.1,0.131,-124.7,-0.974,0.127,0.002,0.002,38.788,0.758,0.087,320.1,268.967,1.19,1.19,0.091,9.106,31.6,1.45,8.512,2.752,75.0,1.25,25.0,0.417,4.23,9.41,8.983,0.099,0.45,4.038,0.044,0.133,1.2,2.967,0.5,1.7,2.023,322.123,1.198,482.283,0.116,5.557,3.049,0.064,2.508
120,Russell Westbrook,LAC,68,1529,754,306.0,343,74.0,23.0,144.0,121,11.0,5.0,7.0,30.8,0.2,0.4,0.514,2.118,1.779,754,734.0,1.027,0.036,0.18,0.252,-299.0,-0.977,0.227,0.001,0.001,43.714,0.714,0.247,754.18,743.118,1.015,1.015,0.205,20.5,44.7,4.41,16.625,7.651,90.0,1.324,10.0,0.147,1.94,7.22,11.856,0.076,0.269,3.186,0.02,0.183,1.4,3.676,0.7,2.1,2.131,756.311,1.018,1052.205,0.068,3.265,3.28,0.068,-0.016
121,Zach Collins,SAS,69,1526,776,194.0,370,34.0,52.0,132.0,206,7.3,3.5,4.6,27.2,0.3,0.4,0.566,1.913,2.986,776,686.0,1.131,0.038,0.132,0.173,-189.4,-0.976,0.169,0.002,0.002,42.174,0.761,0.228,776.132,692.513,1.121,1.121,0.204,20.41,39.8,1.79,17.4,6.83,74.0,1.072,32.0,0.464,8.87,14.01,5.862,0.052,0.633,3.712,0.033,0.077,1.8,3.652,1.2,3.0,3.362,779.494,1.126,976.695,-0.258,-12.362,-6.488,-0.135,-5.874
122,Draymond Green,GSW,55,1490,475,332.0,398,55.0,47.0,135.0,166,15.2,7.1,10.8,49.6,0.6,0.6,0.586,2.455,3.018,475,405.0,1.173,0.046,0.325,0.494,-321.2,-0.967,0.218,0.002,0.002,30.741,0.657,0.153,475.325,418.255,1.136,1.136,0.134,13.418,60.5,1.98,6.913,4.196,116.0,2.109,32.0,0.582,8.42,14.35,5.582,0.069,0.587,3.275,0.041,0.147,1.4,5.855,1.5,2.9,3.296,478.621,1.144,790.84,0.115,5.541,2.61,0.054,2.931
123,Matisse Thybulle,POR,65,1487,354,90.0,136,113.0,49.0,40.0,93,3.4,1.6,2.5,20.7,0.1,0.2,0.535,0.615,1.431,354,331.0,1.069,0.038,0.06,0.094,-87.5,-0.972,0.121,0.002,0.001,36.0,0.64,0.109,354.06,334.115,1.06,1.06,0.1,9.977,26.8,1.75,12.467,3.412,149.0,2.292,22.0,0.338,2.49,8.35,19.679,0.136,0.298,5.868,0.041,0.275,0.5,1.631,0.3,0.8,0.848,354.908,1.062,561.27,-0.156,-7.489,-9.024,-0.188,1.535
124,Khris Middleton,MIL,55,1487,828,292.0,257,51.0,15.0,127.0,141,12.9,6.3,7.7,34.1,0.6,0.5,0.595,2.309,2.564,828,695.52,1.19,0.044,0.278,0.34,-284.3,-0.974,0.226,0.002,0.002,37.922,0.818,0.235,828.278,705.529,1.174,1.174,0.229,22.892,50.3,3.6,14.026,7.032,72.0,1.309,10.0,0.182,3.2,10.42,4.688,0.057,0.307,1.44,0.017,0.126,0.7,3.945,0.7,1.4,1.644,829.922,1.176,1086.215,0.084,4.035,2.622,0.055,1.413
125,Bojan Bogdanovic,NYK,57,1478,868,97.0,152,30.0,5.0,101.0,95,4.5,2.1,3.2,17.8,0.2,0.2,0.578,1.772,1.667,868,751.463,1.155,0.046,0.097,0.148,-93.8,-0.967,0.18,0.002,0.002,30.312,0.656,0.249,868.097,756.435,1.147,1.148,0.234,23.352,33.5,2.64,22.58,7.952,39.0,0.684,4.0,0.07,3.16,8.23,1.582,0.022,0.384,0.608,0.009,0.083,0.4,2.281,0.5,0.9,1.033,869.13,1.149,961.506,-0.234,-11.237,4.585,0.096,-15.822
126,Patrick Beverley,MIL,73,1463,451,212.0,239,43.0,31.0,65.0,128,7.8,3.6,5.5,32.7,0.4,0.3,0.539,0.89,1.753,451,418.0,1.079,0.037,0.132,0.202,-206.5,-0.974,0.168,0.001,0.002,38.545,0.655,0.147,451.132,424.39,1.063,1.063,0.134,13.371,40.5,4.29,10.479,4.23,72.0,0.986,13.0,0.178,2.27,8.15,13.656,0.078,0.279,3.804,0.022,0.121,0.7,2.603,0.3,1.0,1.063,452.195,1.066,660.923,-0.042,-2.001,2.622,0.055,-4.623
127,Amir Coffey,LAC,70,1460,463,76.0,148,41.0,14.0,33.0,102,2.9,1.3,1.7,13.9,0.1,0.1,0.608,0.471,1.457,463,381.0,1.215,0.038,0.05,0.065,-74.3,-0.978,0.122,0.001,0.001,44.706,0.765,0.123,463.05,383.171,1.208,1.208,0.128,12.818,20.3,2.25,18.875,3.945,56.0,0.8,8.0,0.114,2.7,7.88,5.185,0.042,0.343,1.777,0.015,0.102,0.5,1.7,0.3,0.8,0.967,464.016,1.211,564.177,-0.063,-3.025,3.28,0.068,-6.305
128,Moritz Wagner,ORL,80,1415,868,96.0,347,39.0,21.0,97.0,160,3.0,1.3,2.2,19.1,0.1,0.0,0.683,1.212,2.0,868,635.0,1.367,0.031,0.041,0.069,-93.8,-0.977,0.115,0.0,0.001,43.636,0.591,0.228,868.041,638.412,1.36,1.36,0.269,26.931,28.6,1.73,22.322,6.593,78.0,0.975,12.0,0.15,4.08,8.29,5.147,0.037,0.492,2.533,0.018,0.118,1.5,2.875,0.8,2.3,3.127,871.168,1.365,985.44,0.065,3.121,2.024,0.042,1.096
129,Tyler Herro,MIA,42,1407,875,188.0,222,30.0,3.0,93.0,63,10.9,5.5,8.1,42.8,0.9,0.3,0.557,2.214,1.5,875,785.282,1.114,0.058,0.319,0.47,-179.9,-0.957,0.189,0.002,0.005,23.21,0.679,0.275,875.319,795.597,1.1,1.1,0.273,27.284,65.1,3.78,12.221,8.268,34.0,0.81,3.0,0.071,3.74,14.26,0.802,0.019,0.262,0.21,0.005,0.057,0.5,4.833,0.4,0.9,0.99,876.309,1.101,1028.369,0.022,1.058,1.756,0.037,-0.699
130,Wendell Carter Jr.,ORL,55,1406,603,95.0,381,35.0,28.0,68.0,121,4.3,2.0,2.9,26.9,0.2,0.1,0.619,1.236,2.2,603,487.0,1.238,0.045,0.091,0.131,-92.1,-0.969,0.108,0.001,0.002,32.759,0.69,0.176,603.091,491.136,1.228,1.228,0.193,19.321,37.3,1.59,13.167,5.072,62.0,1.127,17.0,0.309,6.55,12.11,4.275,0.047,0.541,2.312,0.026,0.093,2.1,4.891,1.8,3.9,4.789,607.88,1.238,720.835,0.037,1.775,2.024,0.042,-0.249
131,Andre Drummond,CHI,79,1351,663,37.0,708,73.0,48.0,81.0,140,1.2,0.6,0.7,12.4,0.1,0.1,0.572,1.025,1.772,663,580.0,1.143,0.032,0.019,0.023,-36.3,-0.981,0.056,0.003,0.003,52.857,0.857,0.208,663.019,581.725,1.14,1.14,0.212,21.236,21.0,1.45,27.701,5.969,105.0,1.329,28.0,0.354,4.57,8.5,10.503,0.078,0.538,5.647,0.042,0.156,3.4,5.608,1.8,5.2,5.927,668.946,1.15,794.476,0.019,0.924,-1.439,-0.03,2.363
132,Jakob Poeltl,TOR,50,1319,555,127.0,429,35.0,76.0,77.0,149,6.1,3.1,4.6,37.5,0.4,0.2,0.656,1.54,2.98,555,423.0,1.312,0.048,0.149,0.221,-122.4,-0.964,0.123,0.002,0.003,27.609,0.674,0.164,555.149,429.14,1.293,1.294,0.176,17.591,48.0,1.4,8.94,4.315,85.0,1.7,47.0,0.94,9.3,15.36,8.172,0.101,0.605,4.948,0.061,0.111,2.9,5.66,2.0,4.9,6.339,561.488,1.308,729.404,-0.013,-0.619,-6.439,-0.134,5.82
133,Joel Embiid,PHI,39,1309,1353,219.0,430,46.0,66.0,150.0,112,14.7,6.5,9.5,42.5,0.6,0.3,0.638,3.846,2.872,1353,1059.615,1.277,0.067,0.436,0.638,-209.5,-0.957,0.224,0.001,0.003,23.053,0.684,0.396,1353.436,1072.961,1.261,1.261,0.447,44.698,74.6,2.73,14.383,10.98,89.0,2.282,41.0,1.051,12.1,21.36,5.455,0.087,0.566,3.09,0.049,0.107,2.4,8.59,2.8,5.2,6.559,1359.996,1.268,1586.559,0.204,9.791,3.049,0.064,6.742
134,Jeff Green,HOU,78,1307,509,70.0,178,16.0,31.0,46.0,100,2.3,1.0,1.7,12.4,0.1,0.0,0.589,0.59,1.282,509,432.0,1.178,0.033,0.033,0.056,-68.3,-0.976,0.137,0.0,0.001,41.176,0.588,0.158,509.033,434.29,1.172,1.172,0.165,16.472,18.6,1.91,23.349,4.374,38.0,0.487,18.0,0.231,4.32,7.29,7.176,0.053,0.593,4.252,0.032,0.067,0.7,1.692,0.5,1.2,1.407,510.439,1.175,593.028,-0.059,-2.828,1.122,0.023,-3.95
135,Cameron Payne,PHI,78,1304,578,205.0,117,42.0,11.0,66.0,126,6.9,3.3,4.5,28.1,0.3,0.3,0.565,0.846,1.615,578,511.771,1.129,0.034,0.111,0.151,-200.5,-0.978,0.16,0.001,0.001,45.556,0.733,0.19,578.111,517.117,1.118,1.118,0.187,18.718,36.2,4.49,14.285,5.292,65.0,0.833,6.0,0.077,1.5,5.43,7.333,0.051,0.276,2.026,0.014,0.153,0.4,1.231,0.3,0.7,0.783,578.894,1.119,767.061,-0.008,-0.405,3.049,0.064,-3.454
136,Gary Harris,ORL,54,1297,372,87.0,91,49.0,14.0,31.0,91,4.0,1.8,2.4,13.6,0.1,0.1,0.58,0.574,1.685,372,320.446,1.161,0.046,0.083,0.11,-84.6,-0.972,0.176,0.001,0.001,36.25,0.75,0.117,372.083,323.42,1.15,1.15,0.127,12.675,20.3,1.79,15.932,3.34,67.0,1.241,10.0,0.185,1.48,7.17,9.459,0.125,0.206,1.953,0.026,0.173,0.6,1.241,0.2,0.8,0.92,373.003,1.153,488.283,0.07,3.368,2.024,0.042,1.343
137,T.J. McConnell,IND,71,1291,727,390.0,191,72.0,8.0,108.0,79,14.2,6.7,9.4,40.5,0.6,0.5,0.588,1.521,1.113,727,618.0,1.176,0.036,0.244,0.342,-380.6,-0.976,0.232,0.001,0.002,41.489,0.713,0.238,727.244,628.921,1.156,1.156,0.226,22.627,52.4,4.73,12.002,6.204,114.0,1.606,6.0,0.085,1.31,6.13,6.107,0.065,0.214,1.305,0.014,0.262,0.6,2.183,0.3,0.9,1.041,728.285,1.158,1072.648,0.074,3.532,3.049,0.064,0.483
138,Aaron Holiday,HOU,78,1269,514,140.0,123,42.0,6.0,53.0,125,4.8,2.1,3.4,18.9,0.1,0.2,0.575,0.679,1.603,514,447.089,1.15,0.034,0.072,0.117,-136.6,-0.976,0.18,0.001,0.001,41.176,0.618,0.166,514.072,451.168,1.139,1.139,0.177,17.688,25.9,4.14,17.42,4.544,60.0,0.769,4.0,0.051,1.94,5.71,3.093,0.026,0.34,1.051,0.009,0.135,0.4,1.282,0.2,0.6,0.684,514.756,1.141,654.73,0.067,3.215,1.122,0.023,2.093
139,Cedi Osman,SAS,72,1269,489,119.0,180,36.0,11.0,47.0,107,4.1,1.9,2.8,16.0,0.2,0.1,0.604,0.653,1.486,489,405.0,1.207,0.034,0.065,0.096,-116.2,-0.976,0.175,0.001,0.002,42.5,0.679,0.15,489.065,408.453,1.197,1.197,0.149,14.909,22.8,2.08,17.915,4.029,61.0,0.847,7.0,0.097,2.61,6.26,4.215,0.037,0.417,1.757,0.016,0.135,0.4,2.153,0.4,0.8,0.958,490.023,1.2,612.873,-0.278,-13.352,-6.488,-0.135,-6.864
140,Kris Dunn,UTA,66,1249,357,254.0,189,68.0,28.0,79.0,135,10.2,4.6,7.1,33.0,0.4,0.3,0.544,1.197,2.045,357,328.0,1.088,0.04,0.185,0.285,-246.9,-0.972,0.215,0.001,0.002,35.775,0.648,0.135,357.185,336.297,1.062,1.062,0.114,11.431,40.3,4.01,8.345,3.365,83.0,1.258,11.0,0.167,2.86,8.16,9.79,0.058,0.35,3.431,0.02,0.154,0.8,2.106,0.5,1.3,1.381,358.565,1.066,619.087,0.011,0.538,-4.89,-0.102,5.428
141,Gordon Hayward,OKC,51,1245,500,158.0,181,40.0,13.0,66.0,67,7.9,3.8,4.9,25.6,0.4,0.3,0.548,1.294,1.314,500,455.823,1.097,0.05,0.19,0.245,-153.1,-0.969,0.191,0.002,0.003,32.245,0.776,0.179,500.19,462.017,1.082,1.083,0.163,16.308,37.0,2.8,12.487,4.599,51.0,1.0,10.0,0.196,3.69,7.65,3.523,0.053,0.482,1.699,0.026,0.131,0.8,2.804,0.5,1.3,1.407,501.597,1.086,654.974,-0.108,-5.166,7.415,0.154,-12.581
142,Larry Nance Jr.,NOP,61,1216,350,113.0,307,61.0,19.0,49.0,98,4.8,2.2,3.0,24.2,0.2,0.1,0.653,0.803,1.607,350,268.0,1.306,0.042,0.093,0.127,-110.0,-0.973,0.124,0.001,0.002,37.667,0.733,0.116,350.093,271.803,1.288,1.288,0.127,12.727,29.7,1.83,9.152,2.779,89.0,1.459,13.0,0.213,2.95,8.64,6.441,0.072,0.341,2.199,0.025,0.169,1.5,3.492,0.9,2.4,3.091,353.185,1.299,502.099,0.058,2.803,4.415,0.092,-1.612
143,Alec Burks,NYK,66,1211,689,88.0,150,28.0,12.0,48.0,75,3.4,1.5,2.1,18.6,0.1,0.1,0.531,0.727,1.136,689,649.367,1.061,0.039,0.058,0.081,-85.9,-0.976,0.113,0.001,0.001,41.905,0.714,0.244,689.058,652.195,1.056,1.057,0.23,22.959,30.0,2.8,21.74,6.856,48.0,0.727,5.0,0.076,2.32,6.09,5.172,0.033,0.381,1.97,0.012,0.119,0.4,1.909,0.4,0.8,0.845,689.903,1.058,781.775,-0.211,-10.147,4.585,0.096,-14.732
144,Kevon Looney,GSW,74,1195,334,133.0,419,28.0,29.0,50.0,155,4.9,2.3,3.2,24.2,0.3,0.2,0.621,0.676,2.095,334,269.0,1.242,0.037,0.085,0.118,-129.8,-0.976,0.132,0.002,0.002,41.562,0.719,0.114,334.085,272.876,1.224,1.224,0.118,11.84,28.8,1.58,9.475,2.737,43.0,0.581,14.0,0.189,5.74,10.2,5.052,0.033,0.563,2.843,0.019,0.057,2.0,3.73,1.3,3.3,4.04,338.125,1.239,474.807,0.032,1.526,2.61,0.054,-1.083
145,John Konchar,MEM,55,1173,235,110.0,257,51.0,51.0,46.0,76,5.3,2.3,4.1,29.3,0.2,0.1,0.537,0.836,1.382,235,219.0,1.073,0.048,0.111,0.198,-105.9,-0.963,0.14,0.001,0.002,26.829,0.561,0.098,235.111,223.936,1.049,1.05,0.087,8.668,34.7,2.27,6.453,2.283,91.0,1.655,33.0,0.6,3.76,9.26,13.564,0.16,0.406,5.508,0.065,0.179,1.5,3.364,0.9,2.4,2.52,237.631,1.061,397.334,-0.128,-6.138,-7.0,-0.146,0.862
146,Joe Ingles,ORL,68,1169,296,203.0,142,43.0,5.0,67.0,88,7.5,3.8,4.6,24.8,0.3,0.4,0.604,0.985,1.294,296,245.109,1.208,0.037,0.14,0.17,-198.4,-0.977,0.185,0.002,0.001,44.13,0.826,0.115,296.14,250.694,1.181,1.181,0.112,11.233,29.8,3.08,8.413,2.589,48.0,0.706,1.0,0.015,0.9,4.09,5.556,0.016,0.22,1.222,0.004,0.173,0.3,1.824,0.3,0.6,0.709,296.849,1.184,482.064,0.141,6.775,2.024,0.042,4.751
147,Drew Eubanks,PHX,75,1169,379,63.0,322,27.0,61.0,61.0,115,2.2,1.1,1.4,16.4,0.2,0.1,0.64,0.813,1.533,379,296.0,1.28,0.035,0.038,0.049,-61.6,-0.978,0.085,0.002,0.003,45.0,0.786,0.134,379.038,298.213,1.271,1.271,0.139,13.883,21.1,1.67,14.133,3.028,72.0,0.96,40.0,0.533,3.79,8.89,16.095,0.141,0.426,6.862,0.06,0.108,1.5,2.92,1.0,2.5,3.178,382.216,1.282,491.637,-0.091,-4.352,3.061,0.064,-7.413
148,Trey Lyles,SAC,58,1158,419,72.0,257,17.0,19.0,38.0,86,3.2,1.6,2.1,22.2,0.2,0.1,0.599,0.655,1.483,419,350.0,1.197,0.044,0.071,0.093,-69.9,-0.971,0.095,0.001,0.003,34.286,0.762,0.143,419.071,352.755,1.188,1.188,0.156,15.617,29.4,1.5,11.998,3.546,36.0,0.621,11.0,0.19,3.59,8.41,5.292,0.053,0.427,2.259,0.023,0.074,1.1,3.379,0.8,1.9,2.257,421.328,1.194,497.203,0.155,7.42,1.744,0.036,5.676
149,Jae Crowder,MIL,50,1156,312,66.0,161,38.0,9.0,23.0,74,3.4,1.6,2.3,22.1,0.2,0.1,0.546,0.46,1.48,312,285.916,1.091,0.052,0.082,0.118,-63.7,-0.965,0.104,0.002,0.003,28.696,0.696,0.116,312.082,288.676,1.081,1.081,0.111,11.103,28.6,1.42,10.094,2.877,48.0,0.96,3.0,0.06,2.52,8.28,3.571,0.024,0.304,1.087,0.007,0.116,0.6,2.6,0.5,1.1,1.189,313.272,1.085,399.7,-0.06,-2.865,2.622,0.055,-5.487
150,Malcolm Brogdon,POR,39,1121,613,214.0,148,27.0,8.0,60.0,58,14.5,6.4,10.2,41.6,0.3,0.6,0.558,1.538,1.487,613,549.586,1.115,0.068,0.434,0.691,-203.8,-0.952,0.245,0.003,0.001,20.98,0.627,0.232,613.434,561.325,1.092,1.093,0.231,23.071,59.3,4.78,9.466,5.733,37.0,0.949,2.0,0.051,2.72,9.49,2.941,0.019,0.287,0.843,0.005,0.1,0.7,3.077,0.5,1.2,1.311,614.745,1.095,787.798,-0.072,-3.468,-9.024,-0.188,5.556
151,Dean Wade,CLE,54,1108,291,43.0,218,40.0,25.0,20.0,93,2.1,1.1,1.5,21.0,0.2,0.1,0.596,0.37,1.722,291,244.0,1.193,0.049,0.054,0.073,-41.5,-0.965,0.071,0.002,0.005,28.667,0.733,0.104,291.054,245.87,1.184,1.184,0.121,12.145,26.2,1.41,9.384,2.527,63.0,1.167,11.0,0.204,4.06,8.37,6.158,0.05,0.485,2.987,0.024,0.139,0.7,3.352,0.7,1.4,1.657,292.711,1.191,376.696,0.159,7.625,2.415,0.05,5.21
152,Josh Richardson,MIA,43,1103,425,105.0,121,24.0,14.0,36.0,76,5.7,2.7,4.2,31.9,0.4,0.1,0.568,0.837,1.767,425,374.163,1.136,0.054,0.147,0.228,-100.8,-0.96,0.132,0.001,0.004,25.0,0.643,0.163,425.147,379.2,1.121,1.121,0.165,16.524,42.2,3.38,8.986,3.94,40.0,0.93,10.0,0.233,3.19,10.33,4.389,0.073,0.309,1.355,0.023,0.09,0.4,2.395,0.4,0.8,0.897,426.044,1.124,527.51,-0.097,-4.656,1.756,0.037,-6.412
153,Dario Saric,GSW,64,1098,515,144.0,283,31.0,10.0,78.0,112,5.7,2.6,4.0,27.0,0.2,0.2,0.6,1.219,1.75,515,429.0,1.2,0.04,0.103,0.158,-140.0,-0.972,0.148,0.001,0.001,36.0,0.65,0.196,515.103,434.219,1.186,1.186,0.196,19.582,35.7,1.8,12.163,4.356,44.0,0.688,7.0,0.109,4.8,10.06,2.083,0.023,0.477,0.994,0.011,0.068,1.2,3.281,1.2,2.4,2.847,517.95,1.193,650.506,-0.02,-0.962,2.61,0.054,-3.572
154,Dante Exum,DAL,55,1088,428,157.0,149,22.0,5.0,49.0,85,7.0,3.5,5.1,26.5,0.5,0.2,0.643,0.891,1.545,428,333.0,1.285,0.045,0.156,0.227,-151.9,-0.968,0.192,0.001,0.003,30.784,0.686,0.154,428.156,338.991,1.263,1.263,0.168,16.784,34.5,4.01,9.826,3.4,44.0,0.8,2.0,0.036,2.13,7.02,2.347,0.017,0.303,0.712,0.005,0.114,0.5,2.255,0.4,0.9,1.137,429.293,1.266,560.135,0.22,10.544,2.207,0.046,8.337
155,Dennis Smith Jr.,BKN,56,1059,369,203.0,164,68.0,12.0,68.0,121,9.6,4.1,6.1,29.4,0.1,0.3,0.507,1.214,2.161,369,364.0,1.014,0.047,0.194,0.288,-196.9,-0.97,0.207,0.001,0.0,33.279,0.672,0.18,369.194,371.314,0.994,0.994,0.153,15.318,38.4,4.04,9.67,3.827,79.0,1.411,5.0,0.089,2.52,7.62,4.762,0.035,0.331,1.575,0.012,0.185,1.1,2.036,0.3,1.4,1.392,370.586,0.998,583.52,-0.034,-1.632,-2.89,-0.06,1.259
156,Marvin Bagley III,WAS,50,1053,583,55.0,312,20.0,33.0,59.0,81,2.7,1.2,1.4,22.3,0.1,0.0,0.628,1.18,1.62,583,464.0,1.256,0.049,0.059,0.069,-53.6,-0.975,0.063,0.0,0.002,39.286,0.857,0.209,583.059,466.58,1.25,1.25,0.223,22.346,33.1,1.62,14.096,4.561,50.0,1.0,20.0,0.4,6.98,12.52,4.728,0.057,0.558,2.636,0.032,0.08,2.7,3.64,1.1,3.8,4.749,587.808,1.26,661.714,-0.13,-6.245,-9.293,-0.194,3.048
157,Torrey Craig,CHI,53,1049,303,58.0,217,30.0,21.0,32.0,110,2.5,1.3,2.0,21.6,0.2,0.1,0.57,0.604,2.075,303,266.0,1.139,0.043,0.056,0.086,-56.0,-0.966,0.093,0.002,0.003,29.0,0.65,0.125,303.056,268.604,1.128,1.128,0.119,11.854,27.7,1.65,9.697,2.756,47.0,0.887,12.0,0.226,4.02,8.15,5.224,0.056,0.493,2.577,0.028,0.109,1.3,2.792,0.5,1.8,2.031,305.087,1.136,386.046,-0.173,-8.282,-1.439,-0.03,-6.843
158,Kenrich Williams,OKC,69,1029,325,93.0,209,38.0,9.0,32.0,101,3.5,1.6,2.0,14.4,0.1,0.1,0.566,0.464,1.464,325,287.0,1.132,0.038,0.06,0.075,-91.0,-0.978,0.139,0.001,0.001,46.5,0.8,0.136,325.06,289.464,1.123,1.123,0.139,13.948,19.4,1.73,14.921,2.882,61.0,0.884,5.0,0.072,2.16,5.51,4.167,0.034,0.392,1.633,0.013,0.16,0.9,2.145,0.7,1.6,1.797,326.857,1.129,432.502,0.148,7.09,7.415,0.154,-0.324
159,De'Anthony Melton,PHI,38,1023,421,114.0,141,60.0,16.0,39.0,84,8.0,3.9,5.2,36.7,0.3,0.7,0.532,1.026,2.211,421,396.0,1.063,0.07,0.274,0.365,-108.8,-0.954,0.142,0.006,0.003,21.923,0.75,0.181,421.274,402.226,1.047,1.047,0.174,17.44,48.9,2.96,8.225,4.116,73.0,1.921,11.0,0.289,2.66,11.0,6.015,0.109,0.242,1.455,0.026,0.175,0.8,2.974,0.5,1.3,1.362,422.635,1.051,566.236,0.211,10.135,3.049,0.064,7.086
160,Daniel Theis,LAC,60,1015,376,61.0,244,21.0,51.0,42.0,127,2.4,1.1,1.4,16.4,0.1,0.0,0.597,0.7,2.117,376,315.0,1.194,0.039,0.043,0.055,-59.6,-0.977,0.085,0.0,0.002,43.571,0.786,0.155,376.043,317.1,1.186,1.186,0.158,15.772,22.3,1.47,14.22,3.265,60.0,1.0,30.0,0.5,5.27,9.5,9.677,0.095,0.555,5.368,0.053,0.105,1.5,2.65,0.9,2.4,2.846,378.889,1.195,473.24,0.061,2.932,3.28,0.068,-0.348
161,Lonnie Walker IV,BKN,58,1011,565,74.0,127,32.0,20.0,51.0,71,3.2,1.5,2.2,13.5,0.2,0.1,0.545,0.879,1.224,565,517.917,1.091,0.043,0.065,0.095,-71.8,-0.97,0.163,0.001,0.003,33.636,0.682,0.242,565.065,520.996,1.084,1.085,0.24,24.012,24.0,3.49,21.708,5.37,44.0,0.759,9.0,0.155,2.0,5.64,10.0,0.078,0.355,3.546,0.028,0.135,0.3,1.966,0.4,0.7,0.759,565.824,1.086,657.631,0.005,0.237,-2.89,-0.06,3.128
162,Talen Horton-Tucker,UTA,51,1009,516,177.0,121,45.0,19.0,65.0,94,9.7,4.3,7.2,32.8,0.3,0.4,0.503,1.275,1.843,516,512.988,1.006,0.055,0.236,0.395,-169.8,-0.959,0.22,0.002,0.002,24.583,0.597,0.241,516.236,521.463,0.99,0.99,0.207,20.74,45.8,4.74,11.386,5.218,58.0,1.137,10.0,0.196,2.73,7.96,6.96,0.072,0.343,2.387,0.025,0.143,0.5,1.961,0.4,0.9,0.891,517.127,0.992,692.023,-0.106,-5.09,-4.89,-0.102,-0.2
163,Jevon Carter,CHI,72,1004,357,94.0,60,37.0,16.0,36.0,71,3.3,1.6,1.8,15.9,0.2,0.1,0.485,0.5,0.986,357,368.0,0.97,0.035,0.056,0.063,-92.2,-0.981,0.113,0.001,0.002,52.222,0.889,0.173,357.056,370.3,0.964,0.964,0.158,15.81,21.9,2.68,16.909,3.8,50.0,0.694,9.0,0.125,1.56,5.17,10.256,0.08,0.302,3.095,0.024,0.134,0.3,0.681,0.1,0.4,0.386,357.442,0.965,467.721,0.027,1.291,-1.439,-0.03,2.73
